<?xml version="1.0" encoding="UTF-8"?>
<metadata xml:lang="en"><Esri><CreaDate>20180716</CreaDate><CreaTime>10462100</CreaTime><ArcGISFormat>1.0</ArcGISFormat><ArcGISstyle>FGDC CSDGM Metadata</ArcGISstyle><SyncOnce>TRUE</SyncOnce><DataProperties><lineage><Process ToolSource="C:\temp\GeoMAC_Summer_2018_Process_Work\!GeoMAC_Tools.tbx\Project" Date="20180716" Time="084531">Project Recent_90days_20180716 C:\temp\GeoMAC_Summer_2018_Process_Work\20180716\2_Processing\WFDSS_Reprojected_20180716.shp PROJCS['NAD_1983_Contiguous_USA_Albers',GEOGCS['GCS_North_American_1983',DATUM['D_North_American_1983',SPHEROID['GRS_1980',6378137.0,298.257222101]],PRIMEM['Greenwich',0.0],UNIT['Degree',0.0174532925199433]],PROJECTION['Albers'],PARAMETER['False_Easting',0.0],PARAMETER['False_Northing',0.0],PARAMETER['Central_Meridian',-96.0],PARAMETER['Standard_Parallel_1',29.5],PARAMETER['Standard_Parallel_2',45.5],PARAMETER['Latitude_Of_Origin',23.0],UNIT['Meter',1.0]] # GEOGCS['GCS_North_American_1983',DATUM['D_North_American_1983',SPHEROID['GRS_1980',6378137.0,298.257222101]],PRIMEM['Greenwich',0.0],UNIT['Degree',0.0174532925199433]] NO_PRESERVE_SHAPE # NO_VERTICAL</Process></lineage><itemProps><itemLocation><linkage Sync="TRUE">file://\\ILMNIRM50572068\C$\temp\GeoMAC_Summer_2018_Process_Work\20180716\3_Final\WFDSS\ca_ferguson_20180716_0614_wfdss_ir_utm</linkage><protocol Sync="TRUE">Local Area Network</protocol></itemLocation></itemProps><copyHistory><copy source="C:\temp\GeoMAC_Summer_2018_Process_Work\20180716\3_Final\ca_ferguson_20180716_0614_wfdss_ir_utm" dest="\\ILMNIRM50572068\C$\temp\GeoMAC_Summer_2018_Process_Work\20180716\3_Final\WFDSS\ca_ferguson_20180716_0614_wfdss_ir_utm" date="20180716" time="10491600"></copy></copyHistory></DataProperties></Esri></metadata>
