<?xml version="1.0" encoding="UTF-8"?>
<metadata xml:lang="en"><Esri><CreaDate>20180717</CreaDate><CreaTime>10575300</CreaTime><ArcGISFormat>1.0</ArcGISFormat><ArcGISstyle>FGDC CSDGM Metadata</ArcGISstyle><SyncOnce>TRUE</SyncOnce><DataProperties><lineage><Process ToolSource="C:\temp\GeoMAC_Summer_2018_Process_Work\!GeoMAC_Tools.tbx\Project" Date="20180717" Time="093357">Project C:\temp\GeoMAC_Summer_2018_Process_Work\20180717\2_Processing\WFDSS_90days_20180717.shp C:\temp\GeoMAC_Summer_2018_Process_Work\20180717\2_Processing\WFDSS_90days_20180717_albers.shp PROJCS['NAD_1983_Contiguous_USA_Albers',GEOGCS['GCS_North_American_1983',DATUM['D_North_American_1983',SPHEROID['GRS_1980',6378137.0,298.257222101]],PRIMEM['Greenwich',0.0],UNIT['Degree',0.0174532925199433]],PROJECTION['Albers'],PARAMETER['False_Easting',0.0],PARAMETER['False_Northing',0.0],PARAMETER['Central_Meridian',-96.0],PARAMETER['Standard_Parallel_1',29.5],PARAMETER['Standard_Parallel_2',45.5],PARAMETER['Latitude_Of_Origin',23.0],UNIT['Meter',1.0]] # GEOGCS['GCS_North_American_1983',DATUM['D_North_American_1983',SPHEROID['GRS_1980',6378137.0,298.257222101]],PRIMEM['Greenwich',0.0],UNIT['Degree',0.0174532925199433]] NO_PRESERVE_SHAPE # NO_VERTICAL</Process></lineage><itemProps><itemLocation><linkage Sync="TRUE">file://\\ILMNIRM50572068\C$\temp\GeoMAC_Summer_2018_Process_Work\20180717\3_Final\WFDSS\ca_ferguson_20180717_0612_wfdss_ir_albers</linkage><protocol Sync="TRUE">Local Area Network</protocol></itemLocation></itemProps><copyHistory><copy source="C:\temp\GeoMAC_Summer_2018_Process_Work\20180717\3_Final\ca_ferguson_20180717_0612_wfdss_ir_albers" dest="\\ILMNIRM50572068\C$\temp\GeoMAC_Summer_2018_Process_Work\20180717\3_Final\WFDSS\ca_ferguson_20180717_0612_wfdss_ir_albers" date="20180717" time="11010400"></copy></copyHistory></DataProperties></Esri></metadata>
