<?xml version="1.0" encoding="UTF-8"?>
<metadata xml:lang="en"><Esri><CreaDate>20180808</CreaDate><CreaTime>09340700</CreaTime><ArcGISFormat>1.0</ArcGISFormat><SyncOnce>TRUE</SyncOnce><DataProperties><lineage><Process ToolSource="c:\program files (x86)\arcgis\desktop10.4\ArcToolbox\Toolboxes\Data Management Tools.tbx\AddField" Date="20170118" Time="145054">AddField L:\NPS\TEMP\NWCG_Event_Features_20170118.gdb\EventPolygon IRWINID TEXT # # 50 # NULLABLE NON_REQUIRED #</Process><Process ToolSource="c:\program files (x86)\arcgis\desktop10.4\ArcToolbox\Toolboxes\Data Management Tools.tbx\AddField" Date="20170118" Time="145054">AddField L:\NPS\TEMP\NWCG_Event_Features_20170118.gdb\EventPolygon LocalIncidentID TEXT # # 10 # NULLABLE NON_REQUIRED #</Process><Process ToolSource="c:\program files (x86)\arcgis\desktop10.4\ArcToolbox\Toolboxes\Data Management Tools.tbx\AddField" Date="20170118" Time="145055">AddField L:\NPS\TEMP\NWCG_Event_Features_20170118.gdb\EventPolygon IncidentName TEXT # # 50 # NULLABLE NON_REQUIRED #</Process><Process ToolSource="c:\program files (x86)\arcgis\desktop10.4\ArcToolbox\Toolboxes\Data Management Tools.tbx\AddField" Date="20170118" Time="145055">AddField L:\NPS\TEMP\NWCG_Event_Features_20170118.gdb\EventPolygon FeatureCategory TEXT # # 50 # NULLABLE NON_REQUIRED DOM_FeatureCategory</Process><Process ToolSource="c:\program files (x86)\arcgis\desktop10.4\ArcToolbox\Toolboxes\Data Management Tools.tbx\AddField" Date="20170118" Time="145055">AddField L:\NPS\TEMP\NWCG_Event_Features_20170118.gdb\EventPolygon UnitID TEXT # # 12 # NULLABLE NON_REQUIRED #</Process><Process ToolSource="c:\program files (x86)\arcgis\desktop10.4\ArcToolbox\Toolboxes\Data Management Tools.tbx\AddField" Date="20170118" Time="145056">AddField L:\NPS\TEMP\NWCG_Event_Features_20170118.gdb\EventPolygon MapMethod TEXT # # 25 # NULLABLE NON_REQUIRED #</Process><Process ToolSource="c:\program files (x86)\arcgis\desktop10.4\ArcToolbox\Toolboxes\Data Management Tools.tbx\AddField" Date="20170118" Time="145056">AddField L:\NPS\TEMP\NWCG_Event_Features_20170118.gdb\EventPolygon Comments TEXT # # 255 # NULLABLE NON_REQUIRED #</Process><Process ToolSource="c:\program files (x86)\arcgis\desktop10.4\ArcToolbox\Toolboxes\Data Management Tools.tbx\AddField" Date="20170118" Time="145057">AddField L:\NPS\TEMP\NWCG_Event_Features_20170118.gdb\EventPolygon GeometryID TEXT # # 50 # NULLABLE NON_REQUIRED #</Process><Process ToolSource="c:\program files (x86)\arcgis\desktop10.4\ArcToolbox\Toolboxes\Data Management Tools.tbx\AddField" Date="20170118" Time="145057">AddField L:\NPS\TEMP\NWCG_Event_Features_20170118.gdb\EventPolygon Label TEXT # # 100 # NULLABLE NON_REQUIRED #</Process><Process ToolSource="c:\program files (x86)\arcgis\desktop10.4\ArcToolbox\Toolboxes\Data Management Tools.tbx\AddField" Date="20170118" Time="145057">AddField L:\NPS\TEMP\NWCG_Event_Features_20170118.gdb\EventPolygon PolygonDateTime DATE # # # # NULLABLE NON_REQUIRED #</Process><Process ToolSource="c:\program files (x86)\arcgis\desktop10.4\ArcToolbox\Toolboxes\Data Management Tools.tbx\AddField" Date="20170118" Time="145058">AddField L:\NPS\TEMP\NWCG_Event_Features_20170118.gdb\EventPolygon GISAcres DOUBLE # # # # NULLABLE NON_REQUIRED #</Process><Process ToolSource="c:\program files (x86)\arcgis\desktop10.4\ArcToolbox\Toolboxes\Data Management Tools.tbx\AddField" Date="20170118" Time="145058">AddField L:\NPS\TEMP\NWCG_Event_Features_20170118.gdb\EventPolygon CreateName TEXT # # 50 # NULLABLE NON_REQUIRED #</Process><Process ToolSource="c:\program files (x86)\arcgis\desktop10.4\ArcToolbox\Toolboxes\Data Management Tools.tbx\AddField" Date="20170118" Time="145059">AddField L:\NPS\TEMP\NWCG_Event_Features_20170118.gdb\EventPolygon CreateDate DATE # # # # NULLABLE NON_REQUIRED #</Process><Process ToolSource="c:\program files (x86)\arcgis\desktop10.4\ArcToolbox\Toolboxes\Data Management Tools.tbx\AddField" Date="20170118" Time="145059">AddField L:\NPS\TEMP\NWCG_Event_Features_20170118.gdb\EventPolygon EditName TEXT # # 50 # NULLABLE NON_REQUIRED #</Process><Process ToolSource="c:\program files (x86)\arcgis\desktop10.4\ArcToolbox\Toolboxes\Data Management Tools.tbx\AddField" Date="20170118" Time="145100">AddField L:\NPS\TEMP\NWCG_Event_Features_20170118.gdb\EventPolygon DateCurrent DATE # # # # NULLABLE NON_REQUIRED #</Process><Process ToolSource="c:\program files (x86)\arcgis\desktop10.4\ArcToolbox\Toolboxes\Data Management Tools.tbx\AddField" Date="20170118" Time="145100">AddField L:\NPS\TEMP\NWCG_Event_Features_20170118.gdb\EventPolygon ContactName TEXT # # 50 # NULLABLE NON_REQUIRED #</Process><Process ToolSource="c:\program files (x86)\arcgis\desktop10.4\ArcToolbox\Toolboxes\Data Management Tools.tbx\AddField" Date="20170118" Time="145100">AddField L:\NPS\TEMP\NWCG_Event_Features_20170118.gdb\EventPolygon ContactEmail TEXT # # 50 # NULLABLE NON_REQUIRED #</Process><Process ToolSource="c:\program files (x86)\arcgis\desktop10.4\ArcToolbox\Toolboxes\Data Management Tools.tbx\AddField" Date="20170118" Time="145101">AddField L:\NPS\TEMP\NWCG_Event_Features_20170118.gdb\EventPolygon ContactPhone TEXT # # 25 # NULLABLE NON_REQUIRED #</Process><Process ToolSource="c:\program files (x86)\arcgis\desktop10.4\ArcToolbox\Toolboxes\Data Management Tools.tbx\AddField" Date="20170118" Time="145101">AddField L:\NPS\TEMP\NWCG_Event_Features_20170118.gdb\EventPolygon DeleteThis TEXT # # 3 # NULLABLE NON_REQUIRED #</Process><Process ToolSource="c:\program files (x86)\arcgis\desktop10.4\ArcToolbox\Toolboxes\Data Management Tools.tbx\AddField" Date="20170118" Time="145102">AddField L:\NPS\TEMP\NWCG_Event_Features_20170118.gdb\EventPolygon ComplexName TEXT # # 50 # NULLABLE NON_REQUIRED #</Process><Process ToolSource="c:\program files (x86)\arcgis\desktop10.4\ArcToolbox\Toolboxes\Data Management Tools.tbx\AddField" Date="20170118" Time="145102">AddField L:\NPS\TEMP\NWCG_Event_Features_20170118.gdb\EventPolygon ComplexID TEXT # # 50 # NULLABLE NON_REQUIRED #</Process><Process ToolSource="c:\program files (x86)\arcgis\desktop10.4\ArcToolbox\Toolboxes\Data Management Tools.tbx\AddField" Date="20170118" Time="145102">AddField L:\NPS\TEMP\NWCG_Event_Features_20170118.gdb\EventPolygon GACC TEXT # # 5 # NULLABLE NON_REQUIRED DOM_GACC</Process><Process ToolSource="c:\program files (x86)\arcgis\desktop10.4\ArcToolbox\Toolboxes\Data Management Tools.tbx\AddField" Date="20170118" Time="145103">AddField L:\NPS\TEMP\NWCG_Event_Features_20170118.gdb\EventPolygon IMTName TEXT # # 25 # NULLABLE NON_REQUIRED #</Process><Process ToolSource="c:\program files (x86)\arcgis\desktop10.4\ArcToolbox\Toolboxes\Data Management Tools.tbx\AddField" Date="20170118" Time="145103">AddField L:\NPS\TEMP\NWCG_Event_Features_20170118.gdb\EventPolygon IsVisible TEXT # # 5 # NULLABLE NON_REQUIRED DOM_YesNo</Process><Process ToolSource="c:\program files (x86)\arcgis\desktop10.4\ArcToolbox\Toolboxes\Data Management Tools.tbx\AddField" Date="20170118" Time="145104">AddField L:\NPS\TEMP\NWCG_Event_Features_20170118.gdb\EventPolygon FeatureAccess TEXT # # 20 # NULLABLE NON_REQUIRED DOM_FeatureAccess</Process><Process ToolSource="c:\program files (x86)\arcgis\desktop10.4\ArcToolbox\Toolboxes\Data Management Tools.tbx\AddField" Date="20170118" Time="145227">AddField L:\NPS\TEMP\NWCG_Event_Features_20170118.gdb\EventPolygon IRWINID TEXT # # 50 # NULLABLE NON_REQUIRED #</Process><Process ToolSource="c:\program files (x86)\arcgis\desktop10.4\ArcToolbox\Toolboxes\Data Management Tools.tbx\AddField" Date="20170118" Time="145227">AddField L:\NPS\TEMP\NWCG_Event_Features_20170118.gdb\EventPolygon LocalIncidentID TEXT # # 10 # NULLABLE NON_REQUIRED #</Process><Process ToolSource="c:\program files (x86)\arcgis\desktop10.4\ArcToolbox\Toolboxes\Data Management Tools.tbx\AddField" Date="20170118" Time="145228">AddField L:\NPS\TEMP\NWCG_Event_Features_20170118.gdb\EventPolygon IncidentName TEXT # # 50 # NULLABLE NON_REQUIRED #</Process><Process ToolSource="c:\program files (x86)\arcgis\desktop10.4\ArcToolbox\Toolboxes\Data Management Tools.tbx\AddField" Date="20170118" Time="145228">AddField L:\NPS\TEMP\NWCG_Event_Features_20170118.gdb\EventPolygon FeatureCategory TEXT # # 50 # NULLABLE NON_REQUIRED DOM_FeatureCategory</Process><Process ToolSource="c:\program files (x86)\arcgis\desktop10.4\ArcToolbox\Toolboxes\Data Management Tools.tbx\AddField" Date="20170118" Time="145229">AddField L:\NPS\TEMP\NWCG_Event_Features_20170118.gdb\EventPolygon UnitID TEXT # # 12 # NULLABLE NON_REQUIRED #</Process><Process ToolSource="c:\program files (x86)\arcgis\desktop10.4\ArcToolbox\Toolboxes\Data Management Tools.tbx\AddField" Date="20170118" Time="145229">AddField L:\NPS\TEMP\NWCG_Event_Features_20170118.gdb\EventPolygon MapMethod TEXT # # 25 # NULLABLE NON_REQUIRED #</Process><Process ToolSource="c:\program files (x86)\arcgis\desktop10.4\ArcToolbox\Toolboxes\Data Management Tools.tbx\AddField" Date="20170118" Time="145229">AddField L:\NPS\TEMP\NWCG_Event_Features_20170118.gdb\EventPolygon Comments TEXT # # 255 # NULLABLE NON_REQUIRED #</Process><Process ToolSource="c:\program files (x86)\arcgis\desktop10.4\ArcToolbox\Toolboxes\Data Management Tools.tbx\AddField" Date="20170118" Time="145230">AddField L:\NPS\TEMP\NWCG_Event_Features_20170118.gdb\EventPolygon GeometryID TEXT # # 50 # NULLABLE NON_REQUIRED #</Process><Process ToolSource="c:\program files (x86)\arcgis\desktop10.4\ArcToolbox\Toolboxes\Data Management Tools.tbx\AddField" Date="20170118" Time="145230">AddField L:\NPS\TEMP\NWCG_Event_Features_20170118.gdb\EventPolygon Label TEXT # # 100 # NULLABLE NON_REQUIRED #</Process><Process ToolSource="c:\program files (x86)\arcgis\desktop10.4\ArcToolbox\Toolboxes\Data Management Tools.tbx\AddField" Date="20170118" Time="145230">AddField L:\NPS\TEMP\NWCG_Event_Features_20170118.gdb\EventPolygon PolygonDateTime DATE # # # # NULLABLE NON_REQUIRED #</Process><Process ToolSource="c:\program files (x86)\arcgis\desktop10.4\ArcToolbox\Toolboxes\Data Management Tools.tbx\AddField" Date="20170118" Time="145231">AddField L:\NPS\TEMP\NWCG_Event_Features_20170118.gdb\EventPolygon GISAcres DOUBLE # # # # NULLABLE NON_REQUIRED #</Process><Process ToolSource="c:\program files (x86)\arcgis\desktop10.4\ArcToolbox\Toolboxes\Data Management Tools.tbx\AddField" Date="20170118" Time="145231">AddField L:\NPS\TEMP\NWCG_Event_Features_20170118.gdb\EventPolygon CreateName TEXT # # 50 # NULLABLE NON_REQUIRED #</Process><Process ToolSource="c:\program files (x86)\arcgis\desktop10.4\ArcToolbox\Toolboxes\Data Management Tools.tbx\AddField" Date="20170118" Time="145231">AddField L:\NPS\TEMP\NWCG_Event_Features_20170118.gdb\EventPolygon CreateDate DATE # # # # NULLABLE NON_REQUIRED #</Process><Process ToolSource="c:\program files (x86)\arcgis\desktop10.4\ArcToolbox\Toolboxes\Data Management Tools.tbx\AddField" Date="20170118" Time="145232">AddField L:\NPS\TEMP\NWCG_Event_Features_20170118.gdb\EventPolygon EditName TEXT # # 50 # NULLABLE NON_REQUIRED #</Process><Process ToolSource="c:\program files (x86)\arcgis\desktop10.4\ArcToolbox\Toolboxes\Data Management Tools.tbx\AddField" Date="20170118" Time="145232">AddField L:\NPS\TEMP\NWCG_Event_Features_20170118.gdb\EventPolygon DateCurrent DATE # # # # NULLABLE NON_REQUIRED #</Process><Process ToolSource="c:\program files (x86)\arcgis\desktop10.4\ArcToolbox\Toolboxes\Data Management Tools.tbx\AddField" Date="20170118" Time="145232">AddField L:\NPS\TEMP\NWCG_Event_Features_20170118.gdb\EventPolygon ContactName TEXT # # 50 # NULLABLE NON_REQUIRED #</Process><Process ToolSource="c:\program files (x86)\arcgis\desktop10.4\ArcToolbox\Toolboxes\Data Management Tools.tbx\AddField" Date="20170118" Time="145233">AddField L:\NPS\TEMP\NWCG_Event_Features_20170118.gdb\EventPolygon ContactEmail TEXT # # 50 # NULLABLE NON_REQUIRED #</Process><Process ToolSource="c:\program files (x86)\arcgis\desktop10.4\ArcToolbox\Toolboxes\Data Management Tools.tbx\AddField" Date="20170118" Time="145233">AddField L:\NPS\TEMP\NWCG_Event_Features_20170118.gdb\EventPolygon ContactPhone TEXT # # 25 # NULLABLE NON_REQUIRED #</Process><Process ToolSource="c:\program files (x86)\arcgis\desktop10.4\ArcToolbox\Toolboxes\Data Management Tools.tbx\AddField" Date="20170118" Time="145233">AddField L:\NPS\TEMP\NWCG_Event_Features_20170118.gdb\EventPolygon DeleteThis TEXT # # 3 # NULLABLE NON_REQUIRED #</Process><Process ToolSource="c:\program files (x86)\arcgis\desktop10.4\ArcToolbox\Toolboxes\Data Management Tools.tbx\AddField" Date="20170118" Time="145234">AddField L:\NPS\TEMP\NWCG_Event_Features_20170118.gdb\EventPolygon ComplexName TEXT # # 50 # NULLABLE NON_REQUIRED #</Process><Process ToolSource="c:\program files (x86)\arcgis\desktop10.4\ArcToolbox\Toolboxes\Data Management Tools.tbx\AddField" Date="20170118" Time="145234">AddField L:\NPS\TEMP\NWCG_Event_Features_20170118.gdb\EventPolygon ComplexID TEXT # # 50 # NULLABLE NON_REQUIRED #</Process><Process ToolSource="c:\program files (x86)\arcgis\desktop10.4\ArcToolbox\Toolboxes\Data Management Tools.tbx\AddField" Date="20170118" Time="145234">AddField L:\NPS\TEMP\NWCG_Event_Features_20170118.gdb\EventPolygon GACC TEXT # # 5 # NULLABLE NON_REQUIRED DOM_GACC</Process><Process ToolSource="c:\program files (x86)\arcgis\desktop10.4\ArcToolbox\Toolboxes\Data Management Tools.tbx\AddField" Date="20170118" Time="145235">AddField L:\NPS\TEMP\NWCG_Event_Features_20170118.gdb\EventPolygon IMTName TEXT # # 25 # NULLABLE NON_REQUIRED #</Process><Process ToolSource="c:\program files (x86)\arcgis\desktop10.4\ArcToolbox\Toolboxes\Data Management Tools.tbx\AddField" Date="20170118" Time="145235">AddField L:\NPS\TEMP\NWCG_Event_Features_20170118.gdb\EventPolygon IsVisible TEXT # # 5 # NULLABLE NON_REQUIRED DOM_YesNo</Process><Process ToolSource="c:\program files (x86)\arcgis\desktop10.4\ArcToolbox\Toolboxes\Data Management Tools.tbx\AddField" Date="20170118" Time="145235">AddField L:\NPS\TEMP\NWCG_Event_Features_20170118.gdb\EventPolygon FeatureAccess TEXT # # 20 # NULLABLE NON_REQUIRED DOM_FeatureAccess</Process><Process ToolSource="c:\program files (x86)\arcgis\desktop10.4\ArcToolbox\Toolboxes\Data Management Tools.tbx\DeleteField" Date="20170118" Time="145444">DeleteField L:\NPS\TEMP\NWCG_Event_Features_20170118.gdb\EventPolygon IRWINID;LocalIncidentID;IncidentName;FeatureCategory;Label;UnitID;MapMethod;Comments;GeometryID;PointName;PointDateTime;Angle;CreateName;CreateDate;EditName;DateCurrent;ContactName;ContactEmail;ContactPhone;LatWGS84_DDM;LongWGS84_DDM;DeleteThis;ComplexName;ComplexID;RepairStatus;RepairComments;PropertyInfo;GACC;IMTName;IsVisible;FeatureAccess;IRWINID;LocalIncidentID;IncidentName;FeatureCategory;Label;UnitID;MapMethod;Comments;GeometryID;LineDateTime;CreateName;CreateDate;EditName;DateCurrent;ContactName;ContactEmail;ContactPhone;DeleteThis;ComplexName;ComplexID;RepairStatus;RepairComments;GACC;IMTName;IsVisible;FeatureAccess;IRWINID;LocalIncidentID;IncidentName;FeatureCategory;UnitID;MapMethod;Comments;GeometryID;Label;PolygonDateTime;GISAcres;CreateName;CreateDate;EditName;DateCurrent;ContactName;ContactEmail;ContactPhone;DeleteThis;ComplexName;ComplexID;GACC;IMTName;IsVisible;FeatureAccess</Process><Process ToolSource="c:\program files (x86)\arcgis\desktop10.4\ArcToolbox\Toolboxes\Data Management Tools.tbx\AddField" Date="20170119" Time="074306">AddField L:\NPS\TEMP\NWCG_Event_Features_20170118.gdb\EventPolygon IRWINID TEXT # # 50 # NULLABLE NON_REQUIRED #</Process><Process ToolSource="c:\program files (x86)\arcgis\desktop10.4\ArcToolbox\Toolboxes\Data Management Tools.tbx\AddField" Date="20170119" Time="074306">AddField L:\NPS\TEMP\NWCG_Event_Features_20170118.gdb\EventPolygon LocalIncidentID TEXT # # 10 # NULLABLE NON_REQUIRED #</Process><Process ToolSource="c:\program files (x86)\arcgis\desktop10.4\ArcToolbox\Toolboxes\Data Management Tools.tbx\AddField" Date="20170119" Time="074306">AddField L:\NPS\TEMP\NWCG_Event_Features_20170118.gdb\EventPolygon IncidentName TEXT # # 50 # NULLABLE NON_REQUIRED #</Process><Process ToolSource="c:\program files (x86)\arcgis\desktop10.4\ArcToolbox\Toolboxes\Data Management Tools.tbx\AddField" Date="20170119" Time="074307">AddField L:\NPS\TEMP\NWCG_Event_Features_20170118.gdb\EventPolygon FeatureCategory TEXT # # 50 # NULLABLE NON_REQUIRED DOM_FeatureCategory</Process><Process ToolSource="c:\program files (x86)\arcgis\desktop10.4\ArcToolbox\Toolboxes\Data Management Tools.tbx\AddField" Date="20170119" Time="074307">AddField L:\NPS\TEMP\NWCG_Event_Features_20170118.gdb\EventPolygon UnitID TEXT # # 12 # NULLABLE NON_REQUIRED #</Process><Process ToolSource="c:\program files (x86)\arcgis\desktop10.4\ArcToolbox\Toolboxes\Data Management Tools.tbx\AddField" Date="20170119" Time="074307">AddField L:\NPS\TEMP\NWCG_Event_Features_20170118.gdb\EventPolygon MapMethod TEXT # # 25 # NULLABLE NON_REQUIRED #</Process><Process ToolSource="c:\program files (x86)\arcgis\desktop10.4\ArcToolbox\Toolboxes\Data Management Tools.tbx\AddField" Date="20170119" Time="074307">AddField L:\NPS\TEMP\NWCG_Event_Features_20170118.gdb\EventPolygon Comments TEXT # # 255 # NULLABLE NON_REQUIRED #</Process><Process ToolSource="c:\program files (x86)\arcgis\desktop10.4\ArcToolbox\Toolboxes\Data Management Tools.tbx\AddField" Date="20170119" Time="074308">AddField L:\NPS\TEMP\NWCG_Event_Features_20170118.gdb\EventPolygon GeometryID TEXT # # 50 # NULLABLE NON_REQUIRED #</Process><Process ToolSource="c:\program files (x86)\arcgis\desktop10.4\ArcToolbox\Toolboxes\Data Management Tools.tbx\AddField" Date="20170119" Time="074308">AddField L:\NPS\TEMP\NWCG_Event_Features_20170118.gdb\EventPolygon Label TEXT # # 100 # NULLABLE NON_REQUIRED #</Process><Process ToolSource="c:\program files (x86)\arcgis\desktop10.4\ArcToolbox\Toolboxes\Data Management Tools.tbx\AddField" Date="20170119" Time="074308">AddField L:\NPS\TEMP\NWCG_Event_Features_20170118.gdb\EventPolygon PolygonDateTime DATE # # # # NULLABLE NON_REQUIRED #</Process><Process ToolSource="c:\program files (x86)\arcgis\desktop10.4\ArcToolbox\Toolboxes\Data Management Tools.tbx\AddField" Date="20170119" Time="074309">AddField L:\NPS\TEMP\NWCG_Event_Features_20170118.gdb\EventPolygon GISAcres DOUBLE # # # # NULLABLE NON_REQUIRED #</Process><Process ToolSource="c:\program files (x86)\arcgis\desktop10.4\ArcToolbox\Toolboxes\Data Management Tools.tbx\AddField" Date="20170119" Time="074309">AddField L:\NPS\TEMP\NWCG_Event_Features_20170118.gdb\EventPolygon CreateName TEXT # # 50 # NULLABLE NON_REQUIRED #</Process><Process ToolSource="c:\program files (x86)\arcgis\desktop10.4\ArcToolbox\Toolboxes\Data Management Tools.tbx\AddField" Date="20170119" Time="074309">AddField L:\NPS\TEMP\NWCG_Event_Features_20170118.gdb\EventPolygon CreateDate DATE # # # # NULLABLE NON_REQUIRED #</Process><Process ToolSource="c:\program files (x86)\arcgis\desktop10.4\ArcToolbox\Toolboxes\Data Management Tools.tbx\AddField" Date="20170119" Time="074310">AddField L:\NPS\TEMP\NWCG_Event_Features_20170118.gdb\EventPolygon EditName TEXT # # 50 # NULLABLE NON_REQUIRED #</Process><Process ToolSource="c:\program files (x86)\arcgis\desktop10.4\ArcToolbox\Toolboxes\Data Management Tools.tbx\AddField" Date="20170119" Time="074310">AddField L:\NPS\TEMP\NWCG_Event_Features_20170118.gdb\EventPolygon DateCurrent DATE # # # # NULLABLE NON_REQUIRED #</Process><Process ToolSource="c:\program files (x86)\arcgis\desktop10.4\ArcToolbox\Toolboxes\Data Management Tools.tbx\AddField" Date="20170119" Time="074310">AddField L:\NPS\TEMP\NWCG_Event_Features_20170118.gdb\EventPolygon ContactName TEXT # # 50 # NULLABLE NON_REQUIRED #</Process><Process ToolSource="c:\program files (x86)\arcgis\desktop10.4\ArcToolbox\Toolboxes\Data Management Tools.tbx\AddField" Date="20170119" Time="074311">AddField L:\NPS\TEMP\NWCG_Event_Features_20170118.gdb\EventPolygon ContactEmail TEXT # # 50 # NULLABLE NON_REQUIRED #</Process><Process ToolSource="c:\program files (x86)\arcgis\desktop10.4\ArcToolbox\Toolboxes\Data Management Tools.tbx\AddField" Date="20170119" Time="074311">AddField L:\NPS\TEMP\NWCG_Event_Features_20170118.gdb\EventPolygon ContactPhone TEXT # # 25 # NULLABLE NON_REQUIRED #</Process><Process ToolSource="c:\program files (x86)\arcgis\desktop10.4\ArcToolbox\Toolboxes\Data Management Tools.tbx\AddField" Date="20170119" Time="074311">AddField L:\NPS\TEMP\NWCG_Event_Features_20170118.gdb\EventPolygon DeleteThis TEXT # # 3 # NULLABLE NON_REQUIRED #</Process><Process ToolSource="c:\program files (x86)\arcgis\desktop10.4\ArcToolbox\Toolboxes\Data Management Tools.tbx\AddField" Date="20170119" Time="074312">AddField L:\NPS\TEMP\NWCG_Event_Features_20170118.gdb\EventPolygon ComplexName TEXT # # 50 # NULLABLE NON_REQUIRED #</Process><Process ToolSource="c:\program files (x86)\arcgis\desktop10.4\ArcToolbox\Toolboxes\Data Management Tools.tbx\AddField" Date="20170119" Time="074312">AddField L:\NPS\TEMP\NWCG_Event_Features_20170118.gdb\EventPolygon ComplexID TEXT # # 50 # NULLABLE NON_REQUIRED #</Process><Process ToolSource="c:\program files (x86)\arcgis\desktop10.4\ArcToolbox\Toolboxes\Data Management Tools.tbx\AddField" Date="20170119" Time="074312">AddField L:\NPS\TEMP\NWCG_Event_Features_20170118.gdb\EventPolygon GACC TEXT # # 5 # NULLABLE NON_REQUIRED DOM_GACC</Process><Process ToolSource="c:\program files (x86)\arcgis\desktop10.4\ArcToolbox\Toolboxes\Data Management Tools.tbx\AddField" Date="20170119" Time="074313">AddField L:\NPS\TEMP\NWCG_Event_Features_20170118.gdb\EventPolygon IMTName TEXT # # 25 # NULLABLE NON_REQUIRED #</Process><Process ToolSource="c:\program files (x86)\arcgis\desktop10.4\ArcToolbox\Toolboxes\Data Management Tools.tbx\AddField" Date="20170119" Time="074313">AddField L:\NPS\TEMP\NWCG_Event_Features_20170118.gdb\EventPolygon IsVisible TEXT # # 5 # NULLABLE NON_REQUIRED DOM_YesNo</Process><Process ToolSource="c:\program files (x86)\arcgis\desktop10.4\ArcToolbox\Toolboxes\Data Management Tools.tbx\AddField" Date="20170119" Time="074314">AddField L:\NPS\TEMP\NWCG_Event_Features_20170118.gdb\EventPolygon FeatureAccess TEXT # # 20 # NULLABLE NON_REQUIRED DOM_FeatureAccess</Process><Process ToolSource="c:\program files (x86)\arcgis\desktop10.4\ArcToolbox\Toolboxes\Data Management Tools.tbx\DeleteField" Date="20170119" Time="082225">DeleteField EventPolygon IRWINID;LocalIncidentID;IncidentName;FeatureCategory;Label;UnitID;MapMethod;Comments;GeometryID;PointName;PointDateTime;Angle;CreateName;CreateDate;EditName;DateCurrent;ContactName;ContactEmail;ContactPhone;LatWGS84_DDM;LongWGS84_DDM;DeleteThis;ComplexName;ComplexID;RepairStatus;RepairComments;PropertyInfo;GACC;IMTName;IsVisible;FeatureAccess;IRWINID;LocalIncidentID;IncidentName;FeatureCategory;Label;UnitID;MapMethod;Comments;GeometryID;LineDateTime;CreateName;CreateDate;EditName;DateCurrent;ContactName;ContactEmail;ContactPhone;DeleteThis;ComplexName;ComplexID;RepairStatus;RepairComments;GACC;IMTName;IsVisible;FeatureAccess;IRWINID;LocalIncidentID;IncidentName;FeatureCategory;UnitID;MapMethod;Comments;GeometryID;Label;PolygonDateTime;GISAcres;CreateName;CreateDate;EditName;DateCurrent;ContactName;ContactEmail;ContactPhone;DeleteThis;ComplexName;ComplexID;GACC;IMTName;IsVisible;FeatureAccess</Process><Process ToolSource="c:\program files (x86)\arcgis\desktop10.4\ArcToolbox\Toolboxes\Data Management Tools.tbx\AddField" Date="20170119" Time="082257">AddField EventPolygon IRWINID TEXT # # 50 # NULLABLE NON_REQUIRED #</Process><Process ToolSource="c:\program files (x86)\arcgis\desktop10.4\ArcToolbox\Toolboxes\Data Management Tools.tbx\AddField" Date="20170119" Time="082257">AddField EventPolygon LocalIncidentID TEXT # # 10 # NULLABLE NON_REQUIRED #</Process><Process ToolSource="c:\program files (x86)\arcgis\desktop10.4\ArcToolbox\Toolboxes\Data Management Tools.tbx\AddField" Date="20170119" Time="082257">AddField EventPolygon IncidentName TEXT # # 50 # NULLABLE NON_REQUIRED #</Process><Process ToolSource="c:\program files (x86)\arcgis\desktop10.4\ArcToolbox\Toolboxes\Data Management Tools.tbx\AddField" Date="20170119" Time="082258">AddField EventPolygon FeatureCategory TEXT # # 50 # NULLABLE NON_REQUIRED DOM_PolyFeatureCategory</Process><Process ToolSource="c:\program files (x86)\arcgis\desktop10.4\ArcToolbox\Toolboxes\Data Management Tools.tbx\AddField" Date="20170119" Time="082258">AddField EventPolygon UnitID TEXT # # 12 # NULLABLE NON_REQUIRED #</Process><Process ToolSource="c:\program files (x86)\arcgis\desktop10.4\ArcToolbox\Toolboxes\Data Management Tools.tbx\AddField" Date="20170119" Time="082258">AddField EventPolygon MapMethod TEXT # # 25 # NULLABLE NON_REQUIRED #</Process><Process ToolSource="c:\program files (x86)\arcgis\desktop10.4\ArcToolbox\Toolboxes\Data Management Tools.tbx\AddField" Date="20170119" Time="082259">AddField EventPolygon Comments TEXT # # 255 # NULLABLE NON_REQUIRED #</Process><Process ToolSource="c:\program files (x86)\arcgis\desktop10.4\ArcToolbox\Toolboxes\Data Management Tools.tbx\AddField" Date="20170119" Time="082259">AddField EventPolygon GeometryID TEXT # # 50 # NULLABLE NON_REQUIRED #</Process><Process ToolSource="c:\program files (x86)\arcgis\desktop10.4\ArcToolbox\Toolboxes\Data Management Tools.tbx\AddField" Date="20170119" Time="082259">AddField EventPolygon Label TEXT # # 100 # NULLABLE NON_REQUIRED #</Process><Process ToolSource="c:\program files (x86)\arcgis\desktop10.4\ArcToolbox\Toolboxes\Data Management Tools.tbx\AddField" Date="20170119" Time="082300">AddField EventPolygon PolygonDateTime DATE # # # # NULLABLE NON_REQUIRED #</Process><Process ToolSource="c:\program files (x86)\arcgis\desktop10.4\ArcToolbox\Toolboxes\Data Management Tools.tbx\AddField" Date="20170119" Time="082300">AddField EventPolygon GISAcres DOUBLE # # # # NULLABLE NON_REQUIRED #</Process><Process ToolSource="c:\program files (x86)\arcgis\desktop10.4\ArcToolbox\Toolboxes\Data Management Tools.tbx\AddField" Date="20170119" Time="082300">AddField EventPolygon CreateName TEXT # # 50 # NULLABLE NON_REQUIRED #</Process><Process ToolSource="c:\program files (x86)\arcgis\desktop10.4\ArcToolbox\Toolboxes\Data Management Tools.tbx\AddField" Date="20170119" Time="082300">AddField EventPolygon CreateDate DATE # # # # NULLABLE NON_REQUIRED #</Process><Process ToolSource="c:\program files (x86)\arcgis\desktop10.4\ArcToolbox\Toolboxes\Data Management Tools.tbx\AddField" Date="20170119" Time="082301">AddField EventPolygon EditName TEXT # # 50 # NULLABLE NON_REQUIRED #</Process><Process ToolSource="c:\program files (x86)\arcgis\desktop10.4\ArcToolbox\Toolboxes\Data Management Tools.tbx\AddField" Date="20170119" Time="082301">AddField EventPolygon DateCurrent DATE # # # # NULLABLE NON_REQUIRED #</Process><Process ToolSource="c:\program files (x86)\arcgis\desktop10.4\ArcToolbox\Toolboxes\Data Management Tools.tbx\AddField" Date="20170119" Time="082301">AddField EventPolygon ContactName TEXT # # 50 # NULLABLE NON_REQUIRED #</Process><Process ToolSource="c:\program files (x86)\arcgis\desktop10.4\ArcToolbox\Toolboxes\Data Management Tools.tbx\AddField" Date="20170119" Time="082302">AddField EventPolygon ContactEmail TEXT # # 50 # NULLABLE NON_REQUIRED #</Process><Process ToolSource="c:\program files (x86)\arcgis\desktop10.4\ArcToolbox\Toolboxes\Data Management Tools.tbx\AddField" Date="20170119" Time="082302">AddField EventPolygon ContactPhone TEXT # # 25 # NULLABLE NON_REQUIRED #</Process><Process ToolSource="c:\program files (x86)\arcgis\desktop10.4\ArcToolbox\Toolboxes\Data Management Tools.tbx\AddField" Date="20170119" Time="082302">AddField EventPolygon DeleteThis TEXT # # 3 # NULLABLE NON_REQUIRED #</Process><Process ToolSource="c:\program files (x86)\arcgis\desktop10.4\ArcToolbox\Toolboxes\Data Management Tools.tbx\AddField" Date="20170119" Time="082302">AddField EventPolygon ComplexName TEXT # # 50 # NULLABLE NON_REQUIRED #</Process><Process ToolSource="c:\program files (x86)\arcgis\desktop10.4\ArcToolbox\Toolboxes\Data Management Tools.tbx\AddField" Date="20170119" Time="082303">AddField EventPolygon ComplexID TEXT # # 50 # NULLABLE NON_REQUIRED #</Process><Process ToolSource="c:\program files (x86)\arcgis\desktop10.4\ArcToolbox\Toolboxes\Data Management Tools.tbx\AddField" Date="20170119" Time="082303">AddField EventPolygon GACC TEXT # # 5 # NULLABLE NON_REQUIRED DOM_GACC</Process><Process ToolSource="c:\program files (x86)\arcgis\desktop10.4\ArcToolbox\Toolboxes\Data Management Tools.tbx\AddField" Date="20170119" Time="082303">AddField EventPolygon IMTName TEXT # # 25 # NULLABLE NON_REQUIRED #</Process><Process ToolSource="c:\program files (x86)\arcgis\desktop10.4\ArcToolbox\Toolboxes\Data Management Tools.tbx\AddField" Date="20170119" Time="082303">AddField EventPolygon IsVisible TEXT # # 5 # NULLABLE NON_REQUIRED DOM_YesNo</Process><Process ToolSource="c:\program files (x86)\arcgis\desktop10.4\ArcToolbox\Toolboxes\Data Management Tools.tbx\AddField" Date="20170119" Time="082304">AddField EventPolygon FeatureAccess TEXT # # 50 # NULLABLE NON_REQUIRED DOM_FeatureAccess</Process><Process ToolSource="c:\program files (x86)\arcgis\desktop10.4\ArcToolbox\Toolboxes\Data Management Tools.tbx\AssignDefaultToField" Date="20170119" Time="084256">AssignDefaultToField L:\NPS\TEMP\NWCG_Event_Features_20170118.gdb\EventPolygon FeatureCategory Unknown # false</Process><Process ToolSource="c:\program files (x86)\arcgis\desktop10.4\ArcToolbox\Toolboxes\Data Management Tools.tbx\AssignDefaultToField" Date="20170119" Time="084257">AssignDefaultToField L:\NPS\TEMP\NWCG_Event_Features_20170118.gdb\EventPolygon DeleteThis No # false</Process><Process ToolSource="c:\program files (x86)\arcgis\desktop10.4\ArcToolbox\Toolboxes\Data Management Tools.tbx\AssignDefaultToField" Date="20170119" Time="084257">AssignDefaultToField L:\NPS\TEMP\NWCG_Event_Features_20170118.gdb\EventPolygon IsVisible Yes # false</Process><Process ToolSource="c:\program files (x86)\arcgis\desktop10.4\ArcToolbox\Toolboxes\Data Management Tools.tbx\AssignDefaultToField" Date="20170119" Time="084258">AssignDefaultToField L:\NPS\TEMP\NWCG_Event_Features_20170118.gdb\EventPolygon FeatureAccess Cooperators # false</Process><Process ToolSource="c:\program files (x86)\arcgis\desktop10.4\ArcToolbox\Toolboxes\Data Management Tools.tbx\AssignDefaultToField" Date="20170119" Time="084849">AssignDefaultToField L:\NPS\TEMP\NWCG_Event_Features_20170118.gdb\EventPolygon FeatureCategory Unknown # false</Process><Process ToolSource="c:\program files (x86)\arcgis\desktop10.4\ArcToolbox\Toolboxes\Data Management Tools.tbx\AssignDefaultToField" Date="20170119" Time="084850">AssignDefaultToField L:\NPS\TEMP\NWCG_Event_Features_20170118.gdb\EventPolygon DeleteThis No # false</Process><Process ToolSource="c:\program files (x86)\arcgis\desktop10.4\ArcToolbox\Toolboxes\Data Management Tools.tbx\AssignDefaultToField" Date="20170119" Time="084850">AssignDefaultToField L:\NPS\TEMP\NWCG_Event_Features_20170118.gdb\EventPolygon IsVisible Yes # false</Process><Process ToolSource="c:\program files (x86)\arcgis\desktop10.4\ArcToolbox\Toolboxes\Data Management Tools.tbx\AssignDefaultToField" Date="20170119" Time="084851">AssignDefaultToField L:\NPS\TEMP\NWCG_Event_Features_20170118.gdb\EventPolygon FeatureAccess Cooperators # false</Process><Process ToolSource="c:\program files (x86)\arcgis\desktop10.4\ArcToolbox\Toolboxes\Data Management Tools.tbx\DeleteField" Date="20170119" Time="085003">DeleteField EventPolygon IRWINID;LocalIncidentID;IncidentName;FeatureCategory;Label;UnitID;MapMethod;Comments;GeometryID;PointName;PointDateTime;Angle;CreateName;CreateDate;EditName;DateCurrent;ContactName;ContactEmail;ContactPhone;LatWGS84_DDM;LongWGS84_DDM;DeleteThis;ComplexName;ComplexID;RepairStatus;RepairComments;PropertyInfo;GACC;IMTName;IsVisible;FeatureAccess;IRWINID;LocalIncidentID;IncidentName;FeatureCategory;Label;UnitID;MapMethod;Comments;GeometryID;LineDateTime;CreateName;CreateDate;EditName;DateCurrent;ContactName;ContactEmail;ContactPhone;DeleteThis;ComplexName;ComplexID;RepairStatus;RepairComments;GACC;IMTName;IsVisible;FeatureAccess;IRWINID;LocalIncidentID;IncidentName;FeatureCategory;UnitID;MapMethod;Comments;GeometryID;Label;PolygonDateTime;GISAcres;CreateName;CreateDate;EditName;DateCurrent;ContactName;ContactEmail;ContactPhone;DeleteThis;ComplexName;ComplexID;GACC;IMTName;IsVisible;FeatureAccess</Process><Process ToolSource="c:\program files (x86)\arcgis\desktop10.4\ArcToolbox\Toolboxes\Data Management Tools.tbx\AddField" Date="20170119" Time="085115">AddField EventPolygon IRWINID TEXT # # 50 # NULLABLE NON_REQUIRED #</Process><Process ToolSource="c:\program files (x86)\arcgis\desktop10.4\ArcToolbox\Toolboxes\Data Management Tools.tbx\AddField" Date="20170119" Time="085116">AddField EventPolygon LocalIncidentID TEXT # # 10 # NULLABLE NON_REQUIRED #</Process><Process ToolSource="c:\program files (x86)\arcgis\desktop10.4\ArcToolbox\Toolboxes\Data Management Tools.tbx\AddField" Date="20170119" Time="085116">AddField EventPolygon IncidentName TEXT # # 50 # NULLABLE NON_REQUIRED #</Process><Process ToolSource="c:\program files (x86)\arcgis\desktop10.4\ArcToolbox\Toolboxes\Data Management Tools.tbx\AddField" Date="20170119" Time="085116">AddField EventPolygon FeatureCategory TEXT # # 50 # NULLABLE NON_REQUIRED DOM_PolyFeatureCategory</Process><Process ToolSource="c:\program files (x86)\arcgis\desktop10.4\ArcToolbox\Toolboxes\Data Management Tools.tbx\AddField" Date="20170119" Time="085117">AddField EventPolygon UnitID TEXT # # 12 # NULLABLE NON_REQUIRED #</Process><Process ToolSource="c:\program files (x86)\arcgis\desktop10.4\ArcToolbox\Toolboxes\Data Management Tools.tbx\AddField" Date="20170119" Time="085117">AddField EventPolygon MapMethod TEXT # # 25 # NULLABLE NON_REQUIRED #</Process><Process ToolSource="c:\program files (x86)\arcgis\desktop10.4\ArcToolbox\Toolboxes\Data Management Tools.tbx\AddField" Date="20170119" Time="085117">AddField EventPolygon Comments TEXT # # 255 # NULLABLE NON_REQUIRED #</Process><Process ToolSource="c:\program files (x86)\arcgis\desktop10.4\ArcToolbox\Toolboxes\Data Management Tools.tbx\AddField" Date="20170119" Time="085117">AddField EventPolygon GeometryID TEXT # # 50 # NULLABLE NON_REQUIRED #</Process><Process ToolSource="c:\program files (x86)\arcgis\desktop10.4\ArcToolbox\Toolboxes\Data Management Tools.tbx\AddField" Date="20170119" Time="085117">AddField EventPolygon Label TEXT # # 100 # NULLABLE NON_REQUIRED #</Process><Process ToolSource="c:\program files (x86)\arcgis\desktop10.4\ArcToolbox\Toolboxes\Data Management Tools.tbx\AddField" Date="20170119" Time="085118">AddField EventPolygon PolygonDateTime DATE # # # # NULLABLE NON_REQUIRED #</Process><Process ToolSource="c:\program files (x86)\arcgis\desktop10.4\ArcToolbox\Toolboxes\Data Management Tools.tbx\AddField" Date="20170119" Time="085118">AddField EventPolygon GISAcres DOUBLE # # # # NULLABLE NON_REQUIRED #</Process><Process ToolSource="c:\program files (x86)\arcgis\desktop10.4\ArcToolbox\Toolboxes\Data Management Tools.tbx\AddField" Date="20170119" Time="085118">AddField EventPolygon CreateName TEXT # # 50 # NULLABLE NON_REQUIRED #</Process><Process ToolSource="c:\program files (x86)\arcgis\desktop10.4\ArcToolbox\Toolboxes\Data Management Tools.tbx\AddField" Date="20170119" Time="085118">AddField EventPolygon CreateDate DATE # # # # NULLABLE NON_REQUIRED #</Process><Process ToolSource="c:\program files (x86)\arcgis\desktop10.4\ArcToolbox\Toolboxes\Data Management Tools.tbx\AddField" Date="20170119" Time="085119">AddField EventPolygon EditName TEXT # # 50 # NULLABLE NON_REQUIRED #</Process><Process ToolSource="c:\program files (x86)\arcgis\desktop10.4\ArcToolbox\Toolboxes\Data Management Tools.tbx\AddField" Date="20170119" Time="085119">AddField EventPolygon DateCurrent DATE # # # # NULLABLE NON_REQUIRED #</Process><Process ToolSource="c:\program files (x86)\arcgis\desktop10.4\ArcToolbox\Toolboxes\Data Management Tools.tbx\AddField" Date="20170119" Time="085119">AddField EventPolygon ContactName TEXT # # 50 # NULLABLE NON_REQUIRED #</Process><Process ToolSource="c:\program files (x86)\arcgis\desktop10.4\ArcToolbox\Toolboxes\Data Management Tools.tbx\AddField" Date="20170119" Time="085119">AddField EventPolygon ContactEmail TEXT # # 50 # NULLABLE NON_REQUIRED #</Process><Process ToolSource="c:\program files (x86)\arcgis\desktop10.4\ArcToolbox\Toolboxes\Data Management Tools.tbx\AddField" Date="20170119" Time="085120">AddField EventPolygon ContactPhone TEXT # # 25 # NULLABLE NON_REQUIRED #</Process><Process ToolSource="c:\program files (x86)\arcgis\desktop10.4\ArcToolbox\Toolboxes\Data Management Tools.tbx\AddField" Date="20170119" Time="085120">AddField EventPolygon DeleteThis TEXT # # 3 # NULLABLE NON_REQUIRED #</Process><Process ToolSource="c:\program files (x86)\arcgis\desktop10.4\ArcToolbox\Toolboxes\Data Management Tools.tbx\AddField" Date="20170119" Time="085120">AddField EventPolygon ComplexName TEXT # # 50 # NULLABLE NON_REQUIRED #</Process><Process ToolSource="c:\program files (x86)\arcgis\desktop10.4\ArcToolbox\Toolboxes\Data Management Tools.tbx\AddField" Date="20170119" Time="085120">AddField EventPolygon ComplexID TEXT # # 50 # NULLABLE NON_REQUIRED #</Process><Process ToolSource="c:\program files (x86)\arcgis\desktop10.4\ArcToolbox\Toolboxes\Data Management Tools.tbx\AddField" Date="20170119" Time="085121">AddField EventPolygon GACC TEXT # # 5 # NULLABLE NON_REQUIRED DOM_GACC</Process><Process ToolSource="c:\program files (x86)\arcgis\desktop10.4\ArcToolbox\Toolboxes\Data Management Tools.tbx\AddField" Date="20170119" Time="085121">AddField EventPolygon IMTName TEXT # # 25 # NULLABLE NON_REQUIRED #</Process><Process ToolSource="c:\program files (x86)\arcgis\desktop10.4\ArcToolbox\Toolboxes\Data Management Tools.tbx\AddField" Date="20170119" Time="085121">AddField EventPolygon IsVisible TEXT # # 5 # NULLABLE NON_REQUIRED DOM_YesNo</Process><Process ToolSource="c:\program files (x86)\arcgis\desktop10.4\ArcToolbox\Toolboxes\Data Management Tools.tbx\AddField" Date="20170119" Time="085121">AddField EventPolygon FeatureAccess TEXT # # 50 # NULLABLE NON_REQUIRED DOM_FeatureAccess</Process><Process ToolSource="c:\program files (x86)\arcgis\desktop10.4\ArcToolbox\Toolboxes\Data Management Tools.tbx\AssignDefaultToField" Date="20170119" Time="085509">AssignDefaultToField L:\NPS\TEMP\NWCG_Event_Features_20170118.gdb\EventPolygon FeatureCategory Unknown # false</Process><Process ToolSource="c:\program files (x86)\arcgis\desktop10.4\ArcToolbox\Toolboxes\Data Management Tools.tbx\AssignDefaultToField" Date="20170119" Time="085509">AssignDefaultToField L:\NPS\TEMP\NWCG_Event_Features_20170118.gdb\EventPolygon DeleteThis No # false</Process><Process ToolSource="c:\program files (x86)\arcgis\desktop10.4\ArcToolbox\Toolboxes\Data Management Tools.tbx\AssignDefaultToField" Date="20170119" Time="085510">AssignDefaultToField L:\NPS\TEMP\NWCG_Event_Features_20170118.gdb\EventPolygon IsVisible Yes # false</Process><Process ToolSource="c:\program files (x86)\arcgis\desktop10.4\ArcToolbox\Toolboxes\Data Management Tools.tbx\AssignDefaultToField" Date="20170119" Time="085510">AssignDefaultToField L:\NPS\TEMP\NWCG_Event_Features_20170118.gdb\EventPolygon FeatureAccess Cooperators # false</Process><Process ToolSource="c:\program files (x86)\arcgis\desktop10.4\ArcToolbox\Toolboxes\Data Management Tools.tbx\AssignDefaultToField" Date="20170119" Time="085841">AssignDefaultToField L:\NPS\TEMP\NWCG_Event_Features_20170118.gdb\EventPolygon FeatureCategory Unknown # false</Process><Process ToolSource="c:\program files (x86)\arcgis\desktop10.4\ArcToolbox\Toolboxes\Data Management Tools.tbx\AssignDefaultToField" Date="20170119" Time="085842">AssignDefaultToField L:\NPS\TEMP\NWCG_Event_Features_20170118.gdb\EventPolygon DeleteThis No # false</Process><Process ToolSource="c:\program files (x86)\arcgis\desktop10.4\ArcToolbox\Toolboxes\Data Management Tools.tbx\AssignDefaultToField" Date="20170119" Time="085842">AssignDefaultToField L:\NPS\TEMP\NWCG_Event_Features_20170118.gdb\EventPolygon IsVisible Yes # false</Process><Process ToolSource="c:\program files (x86)\arcgis\desktop10.4\ArcToolbox\Toolboxes\Data Management Tools.tbx\AssignDefaultToField" Date="20170119" Time="085842">AssignDefaultToField L:\NPS\TEMP\NWCG_Event_Features_20170118.gdb\EventPolygon FeatureAccess Cooperators # false</Process><Process ToolSource="c:\program files (x86)\arcgis\desktop10.4\ArcToolbox\Toolboxes\Data Management Tools.tbx\AddField" Date="20170119" Time="092339">AddField EventPolygon IRWINID TEXT # # 50 # NULLABLE NON_REQUIRED #</Process><Process ToolSource="c:\program files (x86)\arcgis\desktop10.4\ArcToolbox\Toolboxes\Data Management Tools.tbx\AddField" Date="20170119" Time="092339">AddField EventPolygon LocalIncidentID TEXT # # 10 # NULLABLE NON_REQUIRED #</Process><Process ToolSource="c:\program files (x86)\arcgis\desktop10.4\ArcToolbox\Toolboxes\Data Management Tools.tbx\AddField" Date="20170119" Time="092339">AddField EventPolygon IncidentName TEXT # # 50 # NULLABLE NON_REQUIRED #</Process><Process ToolSource="c:\program files (x86)\arcgis\desktop10.4\ArcToolbox\Toolboxes\Data Management Tools.tbx\AddField" Date="20170119" Time="092339">AddField EventPolygon FeatureCategory TEXT # # 50 # NULLABLE NON_REQUIRED DOM_PolyFeatureCategory</Process><Process ToolSource="c:\program files (x86)\arcgis\desktop10.4\ArcToolbox\Toolboxes\Data Management Tools.tbx\AddField" Date="20170119" Time="092340">AddField EventPolygon UnitID TEXT # # 12 # NULLABLE NON_REQUIRED #</Process><Process ToolSource="c:\program files (x86)\arcgis\desktop10.4\ArcToolbox\Toolboxes\Data Management Tools.tbx\AddField" Date="20170119" Time="092340">AddField EventPolygon MapMethod TEXT # # 25 # NULLABLE NON_REQUIRED #</Process><Process ToolSource="c:\program files (x86)\arcgis\desktop10.4\ArcToolbox\Toolboxes\Data Management Tools.tbx\AddField" Date="20170119" Time="092340">AddField EventPolygon Comments TEXT # # 255 # NULLABLE NON_REQUIRED #</Process><Process ToolSource="c:\program files (x86)\arcgis\desktop10.4\ArcToolbox\Toolboxes\Data Management Tools.tbx\AddField" Date="20170119" Time="092340">AddField EventPolygon GeometryID TEXT # # 50 # NULLABLE NON_REQUIRED #</Process><Process ToolSource="c:\program files (x86)\arcgis\desktop10.4\ArcToolbox\Toolboxes\Data Management Tools.tbx\AddField" Date="20170119" Time="092340">AddField EventPolygon Label TEXT # # 100 # NULLABLE NON_REQUIRED #</Process><Process ToolSource="c:\program files (x86)\arcgis\desktop10.4\ArcToolbox\Toolboxes\Data Management Tools.tbx\AddField" Date="20170119" Time="092341">AddField EventPolygon PolygonDateTime DATE # # # # NULLABLE NON_REQUIRED #</Process><Process ToolSource="c:\program files (x86)\arcgis\desktop10.4\ArcToolbox\Toolboxes\Data Management Tools.tbx\AddField" Date="20170119" Time="092341">AddField EventPolygon GISAcres DOUBLE # # # # NULLABLE NON_REQUIRED #</Process><Process ToolSource="c:\program files (x86)\arcgis\desktop10.4\ArcToolbox\Toolboxes\Data Management Tools.tbx\AddField" Date="20170119" Time="092341">AddField EventPolygon CreateName TEXT # # 50 # NULLABLE NON_REQUIRED #</Process><Process ToolSource="c:\program files (x86)\arcgis\desktop10.4\ArcToolbox\Toolboxes\Data Management Tools.tbx\AddField" Date="20170119" Time="092341">AddField EventPolygon CreateDate DATE # # # # NULLABLE NON_REQUIRED #</Process><Process ToolSource="c:\program files (x86)\arcgis\desktop10.4\ArcToolbox\Toolboxes\Data Management Tools.tbx\AddField" Date="20170119" Time="092342">AddField EventPolygon EditName TEXT # # 50 # NULLABLE NON_REQUIRED #</Process><Process ToolSource="c:\program files (x86)\arcgis\desktop10.4\ArcToolbox\Toolboxes\Data Management Tools.tbx\AddField" Date="20170119" Time="092342">AddField EventPolygon DateCurrent DATE # # # # NULLABLE NON_REQUIRED #</Process><Process ToolSource="c:\program files (x86)\arcgis\desktop10.4\ArcToolbox\Toolboxes\Data Management Tools.tbx\AddField" Date="20170119" Time="092342">AddField EventPolygon ContactName TEXT # # 50 # NULLABLE NON_REQUIRED #</Process><Process ToolSource="c:\program files (x86)\arcgis\desktop10.4\ArcToolbox\Toolboxes\Data Management Tools.tbx\AddField" Date="20170119" Time="092342">AddField EventPolygon ContactEmail TEXT # # 50 # NULLABLE NON_REQUIRED #</Process><Process ToolSource="c:\program files (x86)\arcgis\desktop10.4\ArcToolbox\Toolboxes\Data Management Tools.tbx\AddField" Date="20170119" Time="092342">AddField EventPolygon ContactPhone TEXT # # 25 # NULLABLE NON_REQUIRED #</Process><Process ToolSource="c:\program files (x86)\arcgis\desktop10.4\ArcToolbox\Toolboxes\Data Management Tools.tbx\AddField" Date="20170119" Time="092343">AddField EventPolygon DeleteThis TEXT # # 3 # NULLABLE NON_REQUIRED #</Process><Process ToolSource="c:\program files (x86)\arcgis\desktop10.4\ArcToolbox\Toolboxes\Data Management Tools.tbx\AddField" Date="20170119" Time="092343">AddField EventPolygon ComplexName TEXT # # 50 # NULLABLE NON_REQUIRED #</Process><Process ToolSource="c:\program files (x86)\arcgis\desktop10.4\ArcToolbox\Toolboxes\Data Management Tools.tbx\AddField" Date="20170119" Time="092343">AddField EventPolygon ComplexID TEXT # # 50 # NULLABLE NON_REQUIRED #</Process><Process ToolSource="c:\program files (x86)\arcgis\desktop10.4\ArcToolbox\Toolboxes\Data Management Tools.tbx\AddField" Date="20170119" Time="092343">AddField EventPolygon GACC TEXT # # 5 # NULLABLE NON_REQUIRED DOM_GACC</Process><Process ToolSource="c:\program files (x86)\arcgis\desktop10.4\ArcToolbox\Toolboxes\Data Management Tools.tbx\AddField" Date="20170119" Time="092343">AddField EventPolygon IMTName TEXT # # 25 # NULLABLE NON_REQUIRED #</Process><Process ToolSource="c:\program files (x86)\arcgis\desktop10.4\ArcToolbox\Toolboxes\Data Management Tools.tbx\AddField" Date="20170119" Time="092344">AddField EventPolygon IsVisible TEXT # # 5 # NULLABLE NON_REQUIRED DOM_YesNo</Process><Process ToolSource="c:\program files (x86)\arcgis\desktop10.4\ArcToolbox\Toolboxes\Data Management Tools.tbx\AddField" Date="20170119" Time="092344">AddField EventPolygon FeatureAccess TEXT # # 50 # NULLABLE NON_REQUIRED DOM_FeatureAccess</Process><Process ToolSource="c:\program files (x86)\arcgis\desktop10.4\ArcToolbox\Toolboxes\Data Management Tools.tbx\DeleteField" Date="20170119" Time="092959">DeleteField EventPolygon IRWINID;LocalIncidentID;IncidentName;FeatureCategory;Label;UnitID;MapMethod;Comments;GeometryID;PointName;PointDateTime;Angle;CreateName;CreateDate;EditName;DateCurrent;ContactName;ContactEmail;ContactPhone;LatWGS84_DDM;LongWGS84_DDM;DeleteThis;ComplexName;ComplexID;RepairStatus;RepairComments;PropertyInfo;GACC;IMTName;IsVisible;FeatureAccess;IRWINID;LocalIncidentID;IncidentName;FeatureCategory;Label;UnitID;MapMethod;Comments;GeometryID;LineDateTime;CreateName;CreateDate;EditName;DateCurrent;ContactName;ContactEmail;ContactPhone;DeleteThis;ComplexName;ComplexID;RepairStatus;RepairComments;GACC;IMTName;IsVisible;FeatureAccess;IRWINID;LocalIncidentID;IncidentName;FeatureCategory;UnitID;MapMethod;Comments;GeometryID;Label;PolygonDateTime;GISAcres;CreateName;CreateDate;EditName;DateCurrent;ContactName;ContactEmail;ContactPhone;DeleteThis;ComplexName;ComplexID;GACC;IMTName;IsVisible;FeatureAccess</Process><Process ToolSource="c:\program files (x86)\arcgis\desktop10.4\ArcToolbox\Toolboxes\Data Management Tools.tbx\AddField" Date="20170119" Time="093053">AddField EventPolygon IRWINID TEXT # # 50 # NULLABLE NON_REQUIRED #</Process><Process ToolSource="c:\program files (x86)\arcgis\desktop10.4\ArcToolbox\Toolboxes\Data Management Tools.tbx\AddField" Date="20170119" Time="093053">AddField EventPolygon LocalIncidentID TEXT # # 10 # NULLABLE NON_REQUIRED #</Process><Process ToolSource="c:\program files (x86)\arcgis\desktop10.4\ArcToolbox\Toolboxes\Data Management Tools.tbx\AddField" Date="20170119" Time="093054">AddField EventPolygon IncidentName TEXT # # 50 # NULLABLE NON_REQUIRED #</Process><Process ToolSource="c:\program files (x86)\arcgis\desktop10.4\ArcToolbox\Toolboxes\Data Management Tools.tbx\AddField" Date="20170119" Time="093054">AddField EventPolygon FeatureCategory TEXT # # 50 # NULLABLE NON_REQUIRED DOM_PolyFeatureCategory</Process><Process ToolSource="c:\program files (x86)\arcgis\desktop10.4\ArcToolbox\Toolboxes\Data Management Tools.tbx\AddField" Date="20170119" Time="093054">AddField EventPolygon UnitID TEXT # # 12 # NULLABLE NON_REQUIRED #</Process><Process ToolSource="c:\program files (x86)\arcgis\desktop10.4\ArcToolbox\Toolboxes\Data Management Tools.tbx\AddField" Date="20170119" Time="093055">AddField EventPolygon MapMethod TEXT # # 25 # NULLABLE NON_REQUIRED #</Process><Process ToolSource="c:\program files (x86)\arcgis\desktop10.4\ArcToolbox\Toolboxes\Data Management Tools.tbx\AddField" Date="20170119" Time="093055">AddField EventPolygon Comments TEXT # # 255 # NULLABLE NON_REQUIRED #</Process><Process ToolSource="c:\program files (x86)\arcgis\desktop10.4\ArcToolbox\Toolboxes\Data Management Tools.tbx\AddField" Date="20170119" Time="093055">AddField EventPolygon GeometryID TEXT # # 50 # NULLABLE NON_REQUIRED #</Process><Process ToolSource="c:\program files (x86)\arcgis\desktop10.4\ArcToolbox\Toolboxes\Data Management Tools.tbx\AddField" Date="20170119" Time="093055">AddField EventPolygon Label TEXT # # 100 # NULLABLE NON_REQUIRED #</Process><Process ToolSource="c:\program files (x86)\arcgis\desktop10.4\ArcToolbox\Toolboxes\Data Management Tools.tbx\AddField" Date="20170119" Time="093056">AddField EventPolygon PolygonDateTime DATE # # # # NULLABLE NON_REQUIRED #</Process><Process ToolSource="c:\program files (x86)\arcgis\desktop10.4\ArcToolbox\Toolboxes\Data Management Tools.tbx\AddField" Date="20170119" Time="093056">AddField EventPolygon GISAcres DOUBLE # # # # NULLABLE NON_REQUIRED #</Process><Process ToolSource="c:\program files (x86)\arcgis\desktop10.4\ArcToolbox\Toolboxes\Data Management Tools.tbx\AddField" Date="20170119" Time="093056">AddField EventPolygon CreateName TEXT # # 50 # NULLABLE NON_REQUIRED #</Process><Process ToolSource="c:\program files (x86)\arcgis\desktop10.4\ArcToolbox\Toolboxes\Data Management Tools.tbx\AddField" Date="20170119" Time="093057">AddField EventPolygon CreateDate DATE # # # # NULLABLE NON_REQUIRED #</Process><Process ToolSource="c:\program files (x86)\arcgis\desktop10.4\ArcToolbox\Toolboxes\Data Management Tools.tbx\AddField" Date="20170119" Time="093057">AddField EventPolygon EditName TEXT # # 50 # NULLABLE NON_REQUIRED #</Process><Process ToolSource="c:\program files (x86)\arcgis\desktop10.4\ArcToolbox\Toolboxes\Data Management Tools.tbx\AddField" Date="20170119" Time="093057">AddField EventPolygon DateCurrent DATE # # # # NULLABLE NON_REQUIRED #</Process><Process ToolSource="c:\program files (x86)\arcgis\desktop10.4\ArcToolbox\Toolboxes\Data Management Tools.tbx\AddField" Date="20170119" Time="093057">AddField EventPolygon ContactName TEXT # # 50 # NULLABLE NON_REQUIRED #</Process><Process ToolSource="c:\program files (x86)\arcgis\desktop10.4\ArcToolbox\Toolboxes\Data Management Tools.tbx\AddField" Date="20170119" Time="093058">AddField EventPolygon ContactEmail TEXT # # 50 # NULLABLE NON_REQUIRED #</Process><Process ToolSource="c:\program files (x86)\arcgis\desktop10.4\ArcToolbox\Toolboxes\Data Management Tools.tbx\AddField" Date="20170119" Time="093058">AddField EventPolygon ContactPhone TEXT # # 25 # NULLABLE NON_REQUIRED #</Process><Process ToolSource="c:\program files (x86)\arcgis\desktop10.4\ArcToolbox\Toolboxes\Data Management Tools.tbx\AddField" Date="20170119" Time="093058">AddField EventPolygon DeleteThis TEXT # # 3 # NULLABLE NON_REQUIRED #</Process><Process ToolSource="c:\program files (x86)\arcgis\desktop10.4\ArcToolbox\Toolboxes\Data Management Tools.tbx\AddField" Date="20170119" Time="093059">AddField EventPolygon ComplexName TEXT # # 50 # NULLABLE NON_REQUIRED #</Process><Process ToolSource="c:\program files (x86)\arcgis\desktop10.4\ArcToolbox\Toolboxes\Data Management Tools.tbx\AddField" Date="20170119" Time="093059">AddField EventPolygon ComplexID TEXT # # 50 # NULLABLE NON_REQUIRED #</Process><Process ToolSource="c:\program files (x86)\arcgis\desktop10.4\ArcToolbox\Toolboxes\Data Management Tools.tbx\AddField" Date="20170119" Time="093059">AddField EventPolygon GACC TEXT # # 5 # NULLABLE NON_REQUIRED DOM_GACC</Process><Process ToolSource="c:\program files (x86)\arcgis\desktop10.4\ArcToolbox\Toolboxes\Data Management Tools.tbx\AddField" Date="20170119" Time="093059">AddField EventPolygon IMTName TEXT # # 25 # NULLABLE NON_REQUIRED #</Process><Process ToolSource="c:\program files (x86)\arcgis\desktop10.4\ArcToolbox\Toolboxes\Data Management Tools.tbx\AddField" Date="20170119" Time="093100">AddField EventPolygon IsVisible TEXT # # 5 # NULLABLE NON_REQUIRED DOM_YesNo</Process><Process ToolSource="c:\program files (x86)\arcgis\desktop10.4\ArcToolbox\Toolboxes\Data Management Tools.tbx\AddField" Date="20170119" Time="093100">AddField EventPolygon FeatureAccess TEXT # # 50 # NULLABLE NON_REQUIRED DOM_FeatureAccess</Process><Process ToolSource="c:\program files (x86)\arcgis\desktop10.4\ArcToolbox\Toolboxes\Data Management Tools.tbx\AssignDefaultToField" Date="20170119" Time="093122">AssignDefaultToField EventPolygon FeatureCategory Unknown # false</Process><Process ToolSource="c:\program files (x86)\arcgis\desktop10.4\ArcToolbox\Toolboxes\Data Management Tools.tbx\AssignDefaultToField" Date="20170119" Time="093122">AssignDefaultToField EventPolygon DeleteThis No # false</Process><Process ToolSource="c:\program files (x86)\arcgis\desktop10.4\ArcToolbox\Toolboxes\Data Management Tools.tbx\AssignDefaultToField" Date="20170119" Time="093123">AssignDefaultToField EventPolygon IsVisible Yes # false</Process><Process ToolSource="c:\program files (x86)\arcgis\desktop10.4\ArcToolbox\Toolboxes\Data Management Tools.tbx\AssignDefaultToField" Date="20170119" Time="093123">AssignDefaultToField EventPolygon FeatureAccess Cooperators # false</Process><Process ToolSource="c:\program files (x86)\arcgis\desktop10.4\ArcToolbox\Toolboxes\Data Management Tools.tbx\DeleteField" Date="20170119" Time="101509">DeleteField EventPolygon IRWINID;LocalIncidentID;IncidentName;FeatureCategory;Label;UnitID;MapMethod;Comments;GeometryID;PointName;PointDateTime;Angle;CreateName;CreateDate;EditName;DateCurrent;ContactName;ContactEmail;ContactPhone;LatWGS84_DDM;LongWGS84_DDM;DeleteThis;ComplexName;ComplexID;RepairStatus;RepairComments;PropertyInfo;GACC;IMTName;IsVisible;FeatureAccess;IRWINID;LocalIncidentID;IncidentName;FeatureCategory;Label;UnitID;MapMethod;Comments;GeometryID;LineDateTime;CreateName;CreateDate;EditName;DateCurrent;ContactName;ContactEmail;ContactPhone;DeleteThis;ComplexName;ComplexID;RepairStatus;RepairComments;GACC;IMTName;IsVisible;FeatureAccess;IRWINID;LocalIncidentID;IncidentName;FeatureCategory;UnitID;MapMethod;Comments;GeometryID;Label;PolygonDateTime;GISAcres;CreateName;CreateDate;EditName;DateCurrent;ContactName;ContactEmail;ContactPhone;DeleteThis;ComplexName;ComplexID;GACC;IMTName;IsVisible;FeatureAccess</Process><Process ToolSource="c:\program files (x86)\arcgis\desktop10.4\ArcToolbox\Toolboxes\Data Management Tools.tbx\AddField" Date="20170119" Time="101738">AddField EventPolygon IRWINID TEXT # # 50 # NULLABLE NON_REQUIRED #</Process><Process ToolSource="c:\program files (x86)\arcgis\desktop10.4\ArcToolbox\Toolboxes\Data Management Tools.tbx\AddField" Date="20170119" Time="101738">AddField EventPolygon LocalIncidentID TEXT # # 10 # NULLABLE NON_REQUIRED #</Process><Process ToolSource="c:\program files (x86)\arcgis\desktop10.4\ArcToolbox\Toolboxes\Data Management Tools.tbx\AddField" Date="20170119" Time="101738">AddField EventPolygon IncidentName TEXT # # 50 # NULLABLE NON_REQUIRED #</Process><Process ToolSource="c:\program files (x86)\arcgis\desktop10.4\ArcToolbox\Toolboxes\Data Management Tools.tbx\AddField" Date="20170119" Time="101739">AddField EventPolygon FeatureCategory TEXT # # 50 # NULLABLE NON_REQUIRED DOM_PolyFeatureCategory</Process><Process ToolSource="c:\program files (x86)\arcgis\desktop10.4\ArcToolbox\Toolboxes\Data Management Tools.tbx\AddField" Date="20170119" Time="101739">AddField EventPolygon UnitID TEXT # # 12 # NULLABLE NON_REQUIRED #</Process><Process ToolSource="c:\program files (x86)\arcgis\desktop10.4\ArcToolbox\Toolboxes\Data Management Tools.tbx\AddField" Date="20170119" Time="101739">AddField EventPolygon MapMethod TEXT # # 25 # NULLABLE NON_REQUIRED #</Process><Process ToolSource="c:\program files (x86)\arcgis\desktop10.4\ArcToolbox\Toolboxes\Data Management Tools.tbx\AddField" Date="20170119" Time="101739">AddField EventPolygon Comments TEXT # # 255 # NULLABLE NON_REQUIRED #</Process><Process ToolSource="c:\program files (x86)\arcgis\desktop10.4\ArcToolbox\Toolboxes\Data Management Tools.tbx\AddField" Date="20170119" Time="101739">AddField EventPolygon GeometryID TEXT # # 50 # NULLABLE NON_REQUIRED #</Process><Process ToolSource="c:\program files (x86)\arcgis\desktop10.4\ArcToolbox\Toolboxes\Data Management Tools.tbx\AddField" Date="20170119" Time="101740">AddField EventPolygon Label TEXT # # 100 # NULLABLE NON_REQUIRED #</Process><Process ToolSource="c:\program files (x86)\arcgis\desktop10.4\ArcToolbox\Toolboxes\Data Management Tools.tbx\AddField" Date="20170119" Time="101740">AddField EventPolygon PolygonDateTime DATE # # # # NULLABLE NON_REQUIRED #</Process><Process ToolSource="c:\program files (x86)\arcgis\desktop10.4\ArcToolbox\Toolboxes\Data Management Tools.tbx\AddField" Date="20170119" Time="101740">AddField EventPolygon GISAcres DOUBLE # # # # NULLABLE NON_REQUIRED #</Process><Process ToolSource="c:\program files (x86)\arcgis\desktop10.4\ArcToolbox\Toolboxes\Data Management Tools.tbx\AddField" Date="20170119" Time="101740">AddField EventPolygon CreateName TEXT # # 50 # NULLABLE NON_REQUIRED #</Process><Process ToolSource="c:\program files (x86)\arcgis\desktop10.4\ArcToolbox\Toolboxes\Data Management Tools.tbx\AddField" Date="20170119" Time="101741">AddField EventPolygon CreateDate DATE # # # # NULLABLE NON_REQUIRED #</Process><Process ToolSource="c:\program files (x86)\arcgis\desktop10.4\ArcToolbox\Toolboxes\Data Management Tools.tbx\AddField" Date="20170119" Time="101741">AddField EventPolygon EditName TEXT # # 50 # NULLABLE NON_REQUIRED #</Process><Process ToolSource="c:\program files (x86)\arcgis\desktop10.4\ArcToolbox\Toolboxes\Data Management Tools.tbx\AddField" Date="20170119" Time="101741">AddField EventPolygon DateCurrent DATE # # # # NULLABLE NON_REQUIRED #</Process><Process ToolSource="c:\program files (x86)\arcgis\desktop10.4\ArcToolbox\Toolboxes\Data Management Tools.tbx\AddField" Date="20170119" Time="101741">AddField EventPolygon ContactName TEXT # # 50 # NULLABLE NON_REQUIRED #</Process><Process ToolSource="c:\program files (x86)\arcgis\desktop10.4\ArcToolbox\Toolboxes\Data Management Tools.tbx\AddField" Date="20170119" Time="101742">AddField EventPolygon ContactEmail TEXT # # 50 # NULLABLE NON_REQUIRED #</Process><Process ToolSource="c:\program files (x86)\arcgis\desktop10.4\ArcToolbox\Toolboxes\Data Management Tools.tbx\AddField" Date="20170119" Time="101742">AddField EventPolygon ContactPhone TEXT # # 25 # NULLABLE NON_REQUIRED #</Process><Process ToolSource="c:\program files (x86)\arcgis\desktop10.4\ArcToolbox\Toolboxes\Data Management Tools.tbx\AddField" Date="20170119" Time="101742">AddField EventPolygon DeleteThis TEXT # # 3 # NULLABLE NON_REQUIRED #</Process><Process ToolSource="c:\program files (x86)\arcgis\desktop10.4\ArcToolbox\Toolboxes\Data Management Tools.tbx\AddField" Date="20170119" Time="101742">AddField EventPolygon ComplexName TEXT # # 50 # NULLABLE NON_REQUIRED #</Process><Process ToolSource="c:\program files (x86)\arcgis\desktop10.4\ArcToolbox\Toolboxes\Data Management Tools.tbx\AddField" Date="20170119" Time="101743">AddField EventPolygon ComplexID TEXT # # 50 # NULLABLE NON_REQUIRED #</Process><Process ToolSource="c:\program files (x86)\arcgis\desktop10.4\ArcToolbox\Toolboxes\Data Management Tools.tbx\AddField" Date="20170119" Time="101743">AddField EventPolygon GACC TEXT # # 5 # NULLABLE NON_REQUIRED DOM_GACC</Process><Process ToolSource="c:\program files (x86)\arcgis\desktop10.4\ArcToolbox\Toolboxes\Data Management Tools.tbx\AddField" Date="20170119" Time="101743">AddField EventPolygon IMTName TEXT # # 25 # NULLABLE NON_REQUIRED #</Process><Process ToolSource="c:\program files (x86)\arcgis\desktop10.4\ArcToolbox\Toolboxes\Data Management Tools.tbx\AddField" Date="20170119" Time="101743">AddField EventPolygon IsVisible TEXT # # 5 # NULLABLE NON_REQUIRED DOM_YesNo</Process><Process ToolSource="c:\program files (x86)\arcgis\desktop10.4\ArcToolbox\Toolboxes\Data Management Tools.tbx\AddField" Date="20170119" Time="101744">AddField EventPolygon FeatureAccess TEXT # # 50 # NULLABLE NON_REQUIRED DOM_FeatureAccess</Process><Process ToolSource="c:\program files (x86)\arcgis\desktop10.4\ArcToolbox\Toolboxes\Data Management Tools.tbx\AssignDefaultToField" Date="20170119" Time="101758">AssignDefaultToField EventPolygon FeatureCategory Unknown # false</Process><Process ToolSource="c:\program files (x86)\arcgis\desktop10.4\ArcToolbox\Toolboxes\Data Management Tools.tbx\AssignDefaultToField" Date="20170119" Time="101758">AssignDefaultToField EventPolygon DeleteThis No # false</Process><Process ToolSource="c:\program files (x86)\arcgis\desktop10.4\ArcToolbox\Toolboxes\Data Management Tools.tbx\AssignDefaultToField" Date="20170119" Time="101759">AssignDefaultToField EventPolygon IsVisible Yes # false</Process><Process ToolSource="c:\program files (x86)\arcgis\desktop10.4\ArcToolbox\Toolboxes\Data Management Tools.tbx\AssignDefaultToField" Date="20170119" Time="101759">AssignDefaultToField EventPolygon FeatureAccess Cooperators # false</Process><Process ToolSource="c:\program files (x86)\arcgis\desktop10.4\ArcToolbox\Toolboxes\Data Management Tools.tbx\DeleteField" Date="20170327" Time="100330">DeleteField L:\NPS\TEMP\Event_Features_20170327.gdb\EventPolygon IRWINID;LocalIncidentID;IncidentName;FeatureCategory;Label;UnitID;MapMethod;Comments;GeometryID;PointName;PointDateTime;Angle;CreateName;CreateDate;EditName;DateCurrent;ContactName;ContactEmail;ContactPhone;LatWGS84_DDM;LongWGS84_DDM;DeleteThis;ComplexName;ComplexID;RepairStatus;RepairComments;PropertyInfo;GACC;IMTName;IsVisible;FeatureAccess;IRWINID;LocalIncidentID;IncidentName;FeatureCategory;Label;UnitID;MapMethod;Comments;GeometryID;LineDateTime;CreateName;CreateDate;EditName;DateCurrent;ContactName;ContactEmail;ContactPhone;DeleteThis;ComplexName;ComplexID;RepairStatus;RepairComments;GACC;IMTName;IsVisible;FeatureAccess;IRWINID;LocalIncidentID;IncidentName;FeatureCategory;UnitID;MapMethod;Comments;GeometryID;Label;PolygonDateTime;GISAcres;CreateName;CreateDate;EditName;DateCurrent;ContactName;ContactEmail;ContactPhone;DeleteThis;ComplexName;ComplexID;GACC;IMTName;IsVisible;FeatureAccess</Process><Process ToolSource="c:\program files (x86)\arcgis\desktop10.4\ArcToolbox\Toolboxes\Data Management Tools.tbx\AddField" Date="20170327" Time="101607">AddField L:\NPS\TEMP\Event_Features_20170327.gdb\EventPolygon IncidentName TEXT # # 50 # NULLABLE NON_REQUIRED #</Process><Process ToolSource="c:\program files (x86)\arcgis\desktop10.4\ArcToolbox\Toolboxes\Data Management Tools.tbx\AddField" Date="20170327" Time="101608">AddField L:\NPS\TEMP\Event_Features_20170327.gdb\EventPolygon FeatureCategory TEXT # # 50 # NULLABLE NON_REQUIRED DOM_PolyFeatureCategory</Process><Process ToolSource="c:\program files (x86)\arcgis\desktop10.4\ArcToolbox\Toolboxes\Data Management Tools.tbx\AddField" Date="20170327" Time="101608">AddField L:\NPS\TEMP\Event_Features_20170327.gdb\EventPolygon CollectorName TEXT # # 50 # NULLABLE NON_REQUIRED #</Process><Process ToolSource="c:\program files (x86)\arcgis\desktop10.4\ArcToolbox\Toolboxes\Data Management Tools.tbx\AddField" Date="20170327" Time="101609">AddField L:\NPS\TEMP\Event_Features_20170327.gdb\EventPolygon MapMethod TEXT # # 25 # NULLABLE NON_REQUIRED #</Process><Process ToolSource="c:\program files (x86)\arcgis\desktop10.4\ArcToolbox\Toolboxes\Data Management Tools.tbx\AddField" Date="20170327" Time="101609">AddField L:\NPS\TEMP\Event_Features_20170327.gdb\EventPolygon Comments TEXT # # 255 # NULLABLE NON_REQUIRED #</Process><Process ToolSource="c:\program files (x86)\arcgis\desktop10.4\ArcToolbox\Toolboxes\Data Management Tools.tbx\AddField" Date="20170327" Time="101610">AddField L:\NPS\TEMP\Event_Features_20170327.gdb\EventPolygon GISAcres DOUBLE # # # # NULLABLE NON_REQUIRED #</Process><Process ToolSource="c:\program files (x86)\arcgis\desktop10.4\ArcToolbox\Toolboxes\Data Management Tools.tbx\AddField" Date="20170327" Time="101611">AddField L:\NPS\TEMP\Event_Features_20170327.gdb\EventPolygon DeleteThis TEXT # # 3 # NULLABLE NON_REQUIRED DOM_YesNo</Process><Process ToolSource="c:\program files (x86)\arcgis\desktop10.4\ArcToolbox\Toolboxes\Data Management Tools.tbx\AddField" Date="20170327" Time="101611">AddField L:\NPS\TEMP\Event_Features_20170327.gdb\EventPolygon Label TEXT # # 100 # NULLABLE NON_REQUIRED #</Process><Process ToolSource="c:\program files (x86)\arcgis\desktop10.4\ArcToolbox\Toolboxes\Data Management Tools.tbx\AddField" Date="20170327" Time="101612">AddField L:\NPS\TEMP\Event_Features_20170327.gdb\EventPolygon FeatureAccess TEXT # # 50 # NULLABLE NON_REQUIRED DOM_FeatureAccess</Process><Process ToolSource="c:\program files (x86)\arcgis\desktop10.4\ArcToolbox\Toolboxes\Data Management Tools.tbx\AddField" Date="20170327" Time="101612">AddField L:\NPS\TEMP\Event_Features_20170327.gdb\EventPolygon FeatureStatus TEXT # # 20 # NULLABLE NON_REQUIRED DOM_FeatureStatus</Process><Process ToolSource="c:\program files (x86)\arcgis\desktop10.4\ArcToolbox\Toolboxes\Data Management Tools.tbx\AddField" Date="20170327" Time="101613">AddField L:\NPS\TEMP\Event_Features_20170327.gdb\EventPolygon IsVisible TEXT # # 5 # NULLABLE NON_REQUIRED DOM_YesNo</Process><Process ToolSource="c:\program files (x86)\arcgis\desktop10.4\ArcToolbox\Toolboxes\Data Management Tools.tbx\AddField" Date="20170327" Time="101614">AddField L:\NPS\TEMP\Event_Features_20170327.gdb\EventPolygon CreateName TEXT # # 50 # NULLABLE NON_REQUIRED #</Process><Process ToolSource="c:\program files (x86)\arcgis\desktop10.4\ArcToolbox\Toolboxes\Data Management Tools.tbx\AddField" Date="20170327" Time="101614">AddField L:\NPS\TEMP\Event_Features_20170327.gdb\EventPolygon CreateDate DATE # # # # NULLABLE NON_REQUIRED #</Process><Process ToolSource="c:\program files (x86)\arcgis\desktop10.4\ArcToolbox\Toolboxes\Data Management Tools.tbx\AddField" Date="20170327" Time="101615">AddField L:\NPS\TEMP\Event_Features_20170327.gdb\EventPolygon EditName TEXT # # 50 # NULLABLE NON_REQUIRED #</Process><Process ToolSource="c:\program files (x86)\arcgis\desktop10.4\ArcToolbox\Toolboxes\Data Management Tools.tbx\AddField" Date="20170327" Time="101615">AddField L:\NPS\TEMP\Event_Features_20170327.gdb\EventPolygon DateCurrent DATE # # # # NULLABLE NON_REQUIRED #</Process><Process ToolSource="c:\program files (x86)\arcgis\desktop10.4\ArcToolbox\Toolboxes\Data Management Tools.tbx\AddField" Date="20170327" Time="101616">AddField L:\NPS\TEMP\Event_Features_20170327.gdb\EventPolygon ContactName TEXT # # 50 # NULLABLE NON_REQUIRED #</Process><Process ToolSource="c:\program files (x86)\arcgis\desktop10.4\ArcToolbox\Toolboxes\Data Management Tools.tbx\AddField" Date="20170327" Time="101616">AddField L:\NPS\TEMP\Event_Features_20170327.gdb\EventPolygon ContactEmail TEXT # # 50 # NULLABLE NON_REQUIRED #</Process><Process ToolSource="c:\program files (x86)\arcgis\desktop10.4\ArcToolbox\Toolboxes\Data Management Tools.tbx\AddField" Date="20170327" Time="101617">AddField L:\NPS\TEMP\Event_Features_20170327.gdb\EventPolygon ContactPhone TEXT # # 25 # NULLABLE NON_REQUIRED #</Process><Process ToolSource="c:\program files (x86)\arcgis\desktop10.4\ArcToolbox\Toolboxes\Data Management Tools.tbx\AddField" Date="20170327" Time="101617">AddField L:\NPS\TEMP\Event_Features_20170327.gdb\EventPolygon PolygonDateTime DATE # # # # NULLABLE NON_REQUIRED #</Process><Process ToolSource="c:\program files (x86)\arcgis\desktop10.4\ArcToolbox\Toolboxes\Data Management Tools.tbx\AddField" Date="20170327" Time="101618">AddField L:\NPS\TEMP\Event_Features_20170327.gdb\EventPolygon ComplexName TEXT # # 50 # NULLABLE NON_REQUIRED #</Process><Process ToolSource="c:\program files (x86)\arcgis\desktop10.4\ArcToolbox\Toolboxes\Data Management Tools.tbx\AddField" Date="20170327" Time="101619">AddField L:\NPS\TEMP\Event_Features_20170327.gdb\EventPolygon ComplexID TEXT # # 50 # NULLABLE NON_REQUIRED #</Process><Process ToolSource="c:\program files (x86)\arcgis\desktop10.4\ArcToolbox\Toolboxes\Data Management Tools.tbx\AddField" Date="20170327" Time="101619">AddField L:\NPS\TEMP\Event_Features_20170327.gdb\EventPolygon GACC TEXT # # 5 # NULLABLE NON_REQUIRED DOM_GACC</Process><Process ToolSource="c:\program files (x86)\arcgis\desktop10.4\ArcToolbox\Toolboxes\Data Management Tools.tbx\AddField" Date="20170327" Time="101620">AddField L:\NPS\TEMP\Event_Features_20170327.gdb\EventPolygon IMTName TEXT # # 25 # NULLABLE NON_REQUIRED #</Process><Process ToolSource="c:\program files (x86)\arcgis\desktop10.4\ArcToolbox\Toolboxes\Data Management Tools.tbx\AddField" Date="20170327" Time="101621">AddField L:\NPS\TEMP\Event_Features_20170327.gdb\EventPolygon UnitID TEXT # # 12 # NULLABLE NON_REQUIRED #</Process><Process ToolSource="c:\program files (x86)\arcgis\desktop10.4\ArcToolbox\Toolboxes\Data Management Tools.tbx\AddField" Date="20170327" Time="101621">AddField L:\NPS\TEMP\Event_Features_20170327.gdb\EventPolygon LocalIncidentID TEXT # # 10 # NULLABLE NON_REQUIRED #</Process><Process ToolSource="c:\program files (x86)\arcgis\desktop10.4\ArcToolbox\Toolboxes\Data Management Tools.tbx\AddField" Date="20170327" Time="101622">AddField L:\NPS\TEMP\Event_Features_20170327.gdb\EventPolygon IRWINID TEXT # # 50 # NULLABLE NON_REQUIRED #</Process><Process ToolSource="c:\program files (x86)\arcgis\desktop10.4\ArcToolbox\Toolboxes\Data Management Tools.tbx\AddField" Date="20170327" Time="101622">AddField L:\NPS\TEMP\Event_Features_20170327.gdb\EventPolygon GeometryID TEXT # # 50 # NULLABLE NON_REQUIRED #</Process><Process ToolSource="c:\program files (x86)\arcgis\desktop10.4\ArcToolbox\Toolboxes\Data Management Tools.tbx\AssignDefaultToField" Date="20170327" Time="102718">AssignDefaultToField L:\NPS\TEMP\Event_Features_20170327.gdb\EventPolygon FeatureCategory Unknown # false</Process><Process ToolSource="c:\program files (x86)\arcgis\desktop10.4\ArcToolbox\Toolboxes\Data Management Tools.tbx\AssignDefaultToField" Date="20170327" Time="102719">AssignDefaultToField L:\NPS\TEMP\Event_Features_20170327.gdb\EventPolygon DeleteThis No # false</Process><Process ToolSource="c:\program files (x86)\arcgis\desktop10.4\ArcToolbox\Toolboxes\Data Management Tools.tbx\AssignDefaultToField" Date="20170327" Time="102720">AssignDefaultToField L:\NPS\TEMP\Event_Features_20170327.gdb\EventPolygon FeatureAccess Cooperators # false</Process><Process ToolSource="c:\program files (x86)\arcgis\desktop10.4\ArcToolbox\Toolboxes\Data Management Tools.tbx\AssignDefaultToField" Date="20170327" Time="102720">AssignDefaultToField L:\NPS\TEMP\Event_Features_20170327.gdb\EventPolygon IsVisible Yes # false</Process><Process ToolSource="c:\program files (x86)\arcgis\desktop10.4\ArcToolbox\Toolboxes\Data Management Tools.tbx\DeleteField" Date="20170328" Time="110559">DeleteField L:\NPS\TEMP\Event_Features_20170327.gdb\EventPolygon IncidentName;FeatureCategory;CollectorName;Label;MapMethod;Comments;Angle;LatWGS84_DDM;LongWGS84_DDM;RepairStatus;RepairComments;PropertyInfo;DeleteThis;FeatureAccess;FeatureStatus;IsVisible;PointName;CreateName;CreateDate;EditName;DateCurrent;ContactName;ContactEmail;ContactPhone;PointDateTime;ComplexName;ComplexID;GACC;IMTName;UnitID;LocalIncidentID;IRWINID;GeometryID;IncidentName;FeatureCategory;CollectorName;MapMethod;Comments;RepairStatus;RepairComments;DeleteThis;FeatureAccess;FeatureStatus;IsVisible;Label;LineDateTime;CreateName;CreateDate;EditName;DateCurrent;ContactName;ContactEmail;ContactPhone;ComplexName;ComplexID;GACC;IMTName;LocalIncidentID;UnitID;GeometryID;IncidentName;FeatureCategory;CollectorName;MapMethod;Comments;GISAcres;DeleteThis;Label;FeatureAccess;FeatureStatus;IsVisible;CreateName;CreateDate;EditName;DateCurrent;ContactName;ContactEmail;ContactPhone;PolygonDateTime;ComplexName;ComplexID;GACC;IMTName;UnitID;LocalIncidentID;IRWINID;GeometryID</Process><Process ToolSource="c:\program files (x86)\arcgis\desktop10.4\ArcToolbox\Toolboxes\Data Management Tools.tbx\AddField" Date="20170328" Time="110646">AddField L:\NPS\TEMP\Event_Features_20170327.gdb\EventPolygon IncidentName TEXT # # 50 # NULLABLE NON_REQUIRED #</Process><Process ToolSource="c:\program files (x86)\arcgis\desktop10.4\ArcToolbox\Toolboxes\Data Management Tools.tbx\AddField" Date="20170328" Time="110647">AddField L:\NPS\TEMP\Event_Features_20170327.gdb\EventPolygon FeatureCategory TEXT # # 50 # NULLABLE NON_REQUIRED DOM_PolyFeatureCategory</Process><Process ToolSource="c:\program files (x86)\arcgis\desktop10.4\ArcToolbox\Toolboxes\Data Management Tools.tbx\AddField" Date="20170328" Time="110647">AddField L:\NPS\TEMP\Event_Features_20170327.gdb\EventPolygon CollectorName TEXT # # 50 # NULLABLE NON_REQUIRED #</Process><Process ToolSource="c:\program files (x86)\arcgis\desktop10.4\ArcToolbox\Toolboxes\Data Management Tools.tbx\AddField" Date="20170328" Time="110648">AddField L:\NPS\TEMP\Event_Features_20170327.gdb\EventPolygon MapMethod TEXT # # 25 # NULLABLE NON_REQUIRED #</Process><Process ToolSource="c:\program files (x86)\arcgis\desktop10.4\ArcToolbox\Toolboxes\Data Management Tools.tbx\AddField" Date="20170328" Time="110649">AddField L:\NPS\TEMP\Event_Features_20170327.gdb\EventPolygon Comments TEXT # # 255 # NULLABLE NON_REQUIRED #</Process><Process ToolSource="c:\program files (x86)\arcgis\desktop10.4\ArcToolbox\Toolboxes\Data Management Tools.tbx\AddField" Date="20170328" Time="110649">AddField L:\NPS\TEMP\Event_Features_20170327.gdb\EventPolygon GISAcres DOUBLE # # # # NULLABLE NON_REQUIRED #</Process><Process ToolSource="c:\program files (x86)\arcgis\desktop10.4\ArcToolbox\Toolboxes\Data Management Tools.tbx\AddField" Date="20170328" Time="110650">AddField L:\NPS\TEMP\Event_Features_20170327.gdb\EventPolygon DeleteThis TEXT # # 3 # NULLABLE NON_REQUIRED DOM_YesNo</Process><Process ToolSource="c:\program files (x86)\arcgis\desktop10.4\ArcToolbox\Toolboxes\Data Management Tools.tbx\AddField" Date="20170328" Time="110650">AddField L:\NPS\TEMP\Event_Features_20170327.gdb\EventPolygon Label TEXT # # 100 # NULLABLE NON_REQUIRED #</Process><Process ToolSource="c:\program files (x86)\arcgis\desktop10.4\ArcToolbox\Toolboxes\Data Management Tools.tbx\AddField" Date="20170328" Time="110651">AddField L:\NPS\TEMP\Event_Features_20170327.gdb\EventPolygon FeatureAccess TEXT # # 50 # NULLABLE NON_REQUIRED DOM_FeatureAccess</Process><Process ToolSource="c:\program files (x86)\arcgis\desktop10.4\ArcToolbox\Toolboxes\Data Management Tools.tbx\AddField" Date="20170328" Time="110652">AddField L:\NPS\TEMP\Event_Features_20170327.gdb\EventPolygon FeatureStatus TEXT # # 20 # NULLABLE NON_REQUIRED DOM_FeatureStatus</Process><Process ToolSource="c:\program files (x86)\arcgis\desktop10.4\ArcToolbox\Toolboxes\Data Management Tools.tbx\AddField" Date="20170328" Time="110652">AddField L:\NPS\TEMP\Event_Features_20170327.gdb\EventPolygon IsVisible TEXT # # 5 # NULLABLE NON_REQUIRED DOM_YesNo</Process><Process ToolSource="c:\program files (x86)\arcgis\desktop10.4\ArcToolbox\Toolboxes\Data Management Tools.tbx\AddField" Date="20170328" Time="110653">AddField L:\NPS\TEMP\Event_Features_20170327.gdb\EventPolygon CreateName TEXT # # 50 # NULLABLE NON_REQUIRED #</Process><Process ToolSource="c:\program files (x86)\arcgis\desktop10.4\ArcToolbox\Toolboxes\Data Management Tools.tbx\AddField" Date="20170328" Time="110654">AddField L:\NPS\TEMP\Event_Features_20170327.gdb\EventPolygon CreateDate DATE # # # # NULLABLE NON_REQUIRED #</Process><Process ToolSource="c:\program files (x86)\arcgis\desktop10.4\ArcToolbox\Toolboxes\Data Management Tools.tbx\AddField" Date="20170328" Time="110654">AddField L:\NPS\TEMP\Event_Features_20170327.gdb\EventPolygon EditName TEXT # # 50 # NULLABLE NON_REQUIRED #</Process><Process ToolSource="c:\program files (x86)\arcgis\desktop10.4\ArcToolbox\Toolboxes\Data Management Tools.tbx\AddField" Date="20170328" Time="110655">AddField L:\NPS\TEMP\Event_Features_20170327.gdb\EventPolygon DateCurrent DATE # # # # NULLABLE NON_REQUIRED #</Process><Process ToolSource="c:\program files (x86)\arcgis\desktop10.4\ArcToolbox\Toolboxes\Data Management Tools.tbx\AddField" Date="20170328" Time="110655">AddField L:\NPS\TEMP\Event_Features_20170327.gdb\EventPolygon ContactName TEXT # # 50 # NULLABLE NON_REQUIRED #</Process><Process ToolSource="c:\program files (x86)\arcgis\desktop10.4\ArcToolbox\Toolboxes\Data Management Tools.tbx\AddField" Date="20170328" Time="110656">AddField L:\NPS\TEMP\Event_Features_20170327.gdb\EventPolygon ContactEmail TEXT # # 50 # NULLABLE NON_REQUIRED #</Process><Process ToolSource="c:\program files (x86)\arcgis\desktop10.4\ArcToolbox\Toolboxes\Data Management Tools.tbx\AddField" Date="20170328" Time="110657">AddField L:\NPS\TEMP\Event_Features_20170327.gdb\EventPolygon ContactPhone TEXT # # 25 # NULLABLE NON_REQUIRED #</Process><Process ToolSource="c:\program files (x86)\arcgis\desktop10.4\ArcToolbox\Toolboxes\Data Management Tools.tbx\AddField" Date="20170328" Time="110657">AddField L:\NPS\TEMP\Event_Features_20170327.gdb\EventPolygon PolygonDateTime DATE # # # # NULLABLE NON_REQUIRED #</Process><Process ToolSource="c:\program files (x86)\arcgis\desktop10.4\ArcToolbox\Toolboxes\Data Management Tools.tbx\AddField" Date="20170328" Time="110658">AddField L:\NPS\TEMP\Event_Features_20170327.gdb\EventPolygon ComplexName TEXT # # 50 # NULLABLE NON_REQUIRED #</Process><Process ToolSource="c:\program files (x86)\arcgis\desktop10.4\ArcToolbox\Toolboxes\Data Management Tools.tbx\AddField" Date="20170328" Time="110658">AddField L:\NPS\TEMP\Event_Features_20170327.gdb\EventPolygon ComplexID TEXT # # 50 # NULLABLE NON_REQUIRED #</Process><Process ToolSource="c:\program files (x86)\arcgis\desktop10.4\ArcToolbox\Toolboxes\Data Management Tools.tbx\AddField" Date="20170328" Time="110659">AddField L:\NPS\TEMP\Event_Features_20170327.gdb\EventPolygon GACC TEXT # # 5 # NULLABLE NON_REQUIRED DOM_GACC</Process><Process ToolSource="c:\program files (x86)\arcgis\desktop10.4\ArcToolbox\Toolboxes\Data Management Tools.tbx\AddField" Date="20170328" Time="110700">AddField L:\NPS\TEMP\Event_Features_20170327.gdb\EventPolygon IMTName TEXT # # 25 # NULLABLE NON_REQUIRED #</Process><Process ToolSource="c:\program files (x86)\arcgis\desktop10.4\ArcToolbox\Toolboxes\Data Management Tools.tbx\AddField" Date="20170328" Time="110700">AddField L:\NPS\TEMP\Event_Features_20170327.gdb\EventPolygon UnitID TEXT # # 12 # NULLABLE NON_REQUIRED #</Process><Process ToolSource="c:\program files (x86)\arcgis\desktop10.4\ArcToolbox\Toolboxes\Data Management Tools.tbx\AddField" Date="20170328" Time="110701">AddField L:\NPS\TEMP\Event_Features_20170327.gdb\EventPolygon LocalIncidentID TEXT # # 10 # NULLABLE NON_REQUIRED #</Process><Process ToolSource="c:\program files (x86)\arcgis\desktop10.4\ArcToolbox\Toolboxes\Data Management Tools.tbx\AddField" Date="20170328" Time="110701">AddField L:\NPS\TEMP\Event_Features_20170327.gdb\EventPolygon IRWINID TEXT # # 50 # NULLABLE NON_REQUIRED #</Process><Process ToolSource="c:\program files (x86)\arcgis\desktop10.4\ArcToolbox\Toolboxes\Data Management Tools.tbx\AddField" Date="20170328" Time="110702">AddField L:\NPS\TEMP\Event_Features_20170327.gdb\EventPolygon GeometryID TEXT # # 50 # NULLABLE NON_REQUIRED #</Process><Process ToolSource="c:\program files (x86)\arcgis\desktop10.4\ArcToolbox\Toolboxes\Data Management Tools.tbx\DeleteField" Date="20170328" Time="110901">DeleteField L:\NPS\TEMP\Event_Features_20170327.gdb\EventPolygon IncidentName;FeatureCategory;CollectorName;Label;MapMethod;Comments;Angle;LatWGS84_DDM;LongWGS84_DDM;RepairStatus;RepairComments;PropertyInfo;DeleteThis;FeatureAccess;FeatureStatus;IsVisible;PointName;CreateName;CreateDate;EditName;DateCurrent;ContactName;ContactEmail;ContactPhone;PointDateTime;ComplexName;ComplexID;GACC;IMTName;UnitID;LocalIncidentID;IRWINID;GeometryID;IncidentName;FeatureCategory;CollectorName;MapMethod;Comments;RepairStatus;RepairComments;DeleteThis;FeatureAccess;FeatureStatus;IsVisible;Label;LineDateTime;CreateName;CreateDate;EditName;DateCurrent;ContactName;ContactEmail;ContactPhone;ComplexName;ComplexID;GACC;IMTName;LocalIncidentID;UnitID;GeometryID;IncidentName;FeatureCategory;CollectorName;MapMethod;Comments;GISAcres;DeleteThis;Label;FeatureAccess;FeatureStatus;IsVisible;CreateName;CreateDate;EditName;DateCurrent;ContactName;ContactEmail;ContactPhone;PolygonDateTime;ComplexName;ComplexID;GACC;IMTName;UnitID;LocalIncidentID;IRWINID;GeometryID</Process><Process ToolSource="c:\program files (x86)\arcgis\desktop10.4\ArcToolbox\Toolboxes\Data Management Tools.tbx\AddField" Date="20170328" Time="111409">AddField L:\NPS\TEMP\Event_Features_20170327.gdb\EventPolygon IncidentName TEXT # # 50 # NULLABLE NON_REQUIRED #</Process><Process ToolSource="c:\program files (x86)\arcgis\desktop10.4\ArcToolbox\Toolboxes\Data Management Tools.tbx\AddField" Date="20170328" Time="111410">AddField L:\NPS\TEMP\Event_Features_20170327.gdb\EventPolygon FeatureCategory TEXT # # 50 # NULLABLE NON_REQUIRED DOM_PolyFeatureCategory</Process><Process ToolSource="c:\program files (x86)\arcgis\desktop10.4\ArcToolbox\Toolboxes\Data Management Tools.tbx\AddField" Date="20170328" Time="111410">AddField L:\NPS\TEMP\Event_Features_20170327.gdb\EventPolygon CollectorName TEXT # # 50 # NULLABLE NON_REQUIRED #</Process><Process ToolSource="c:\program files (x86)\arcgis\desktop10.4\ArcToolbox\Toolboxes\Data Management Tools.tbx\AddField" Date="20170328" Time="111411">AddField L:\NPS\TEMP\Event_Features_20170327.gdb\EventPolygon MapMethod TEXT # # 25 # NULLABLE NON_REQUIRED #</Process><Process ToolSource="c:\program files (x86)\arcgis\desktop10.4\ArcToolbox\Toolboxes\Data Management Tools.tbx\AddField" Date="20170328" Time="111412">AddField L:\NPS\TEMP\Event_Features_20170327.gdb\EventPolygon Comments TEXT # # 255 # NULLABLE NON_REQUIRED #</Process><Process ToolSource="c:\program files (x86)\arcgis\desktop10.4\ArcToolbox\Toolboxes\Data Management Tools.tbx\AddField" Date="20170328" Time="111412">AddField L:\NPS\TEMP\Event_Features_20170327.gdb\EventPolygon GISAcres DOUBLE # # # # NULLABLE NON_REQUIRED #</Process><Process ToolSource="c:\program files (x86)\arcgis\desktop10.4\ArcToolbox\Toolboxes\Data Management Tools.tbx\AddField" Date="20170328" Time="111413">AddField L:\NPS\TEMP\Event_Features_20170327.gdb\EventPolygon DeleteThis TEXT # # 3 # NULLABLE NON_REQUIRED DOM_YesNo</Process><Process ToolSource="c:\program files (x86)\arcgis\desktop10.4\ArcToolbox\Toolboxes\Data Management Tools.tbx\AddField" Date="20170328" Time="111413">AddField L:\NPS\TEMP\Event_Features_20170327.gdb\EventPolygon Label TEXT # # 100 # NULLABLE NON_REQUIRED #</Process><Process ToolSource="c:\program files (x86)\arcgis\desktop10.4\ArcToolbox\Toolboxes\Data Management Tools.tbx\AddField" Date="20170328" Time="111414">AddField L:\NPS\TEMP\Event_Features_20170327.gdb\EventPolygon FeatureAccess TEXT # # 50 # NULLABLE NON_REQUIRED DOM_FeatureAccess</Process><Process ToolSource="c:\program files (x86)\arcgis\desktop10.4\ArcToolbox\Toolboxes\Data Management Tools.tbx\AddField" Date="20170328" Time="111415">AddField L:\NPS\TEMP\Event_Features_20170327.gdb\EventPolygon FeatureStatus TEXT # # 20 # NULLABLE NON_REQUIRED DOM_FeatureStatus</Process><Process ToolSource="c:\program files (x86)\arcgis\desktop10.4\ArcToolbox\Toolboxes\Data Management Tools.tbx\AddField" Date="20170328" Time="111415">AddField L:\NPS\TEMP\Event_Features_20170327.gdb\EventPolygon IsVisible TEXT # # 5 # NULLABLE NON_REQUIRED DOM_YesNo</Process><Process ToolSource="c:\program files (x86)\arcgis\desktop10.4\ArcToolbox\Toolboxes\Data Management Tools.tbx\AddField" Date="20170328" Time="111416">AddField L:\NPS\TEMP\Event_Features_20170327.gdb\EventPolygon CreateName TEXT # # 50 # NULLABLE NON_REQUIRED #</Process><Process ToolSource="c:\program files (x86)\arcgis\desktop10.4\ArcToolbox\Toolboxes\Data Management Tools.tbx\AddField" Date="20170328" Time="111416">AddField L:\NPS\TEMP\Event_Features_20170327.gdb\EventPolygon CreateDate DATE # # # # NULLABLE NON_REQUIRED #</Process><Process ToolSource="c:\program files (x86)\arcgis\desktop10.4\ArcToolbox\Toolboxes\Data Management Tools.tbx\AddField" Date="20170328" Time="111417">AddField L:\NPS\TEMP\Event_Features_20170327.gdb\EventPolygon EditName TEXT # # 50 # NULLABLE NON_REQUIRED #</Process><Process ToolSource="c:\program files (x86)\arcgis\desktop10.4\ArcToolbox\Toolboxes\Data Management Tools.tbx\AddField" Date="20170328" Time="111417">AddField L:\NPS\TEMP\Event_Features_20170327.gdb\EventPolygon DateCurrent DATE # # # # NULLABLE NON_REQUIRED #</Process><Process ToolSource="c:\program files (x86)\arcgis\desktop10.4\ArcToolbox\Toolboxes\Data Management Tools.tbx\AddField" Date="20170328" Time="111418">AddField L:\NPS\TEMP\Event_Features_20170327.gdb\EventPolygon ContactName TEXT # # 50 # NULLABLE NON_REQUIRED #</Process><Process ToolSource="c:\program files (x86)\arcgis\desktop10.4\ArcToolbox\Toolboxes\Data Management Tools.tbx\AddField" Date="20170328" Time="111419">AddField L:\NPS\TEMP\Event_Features_20170327.gdb\EventPolygon ContactEmail TEXT # # 50 # NULLABLE NON_REQUIRED #</Process><Process ToolSource="c:\program files (x86)\arcgis\desktop10.4\ArcToolbox\Toolboxes\Data Management Tools.tbx\AddField" Date="20170328" Time="111419">AddField L:\NPS\TEMP\Event_Features_20170327.gdb\EventPolygon ContactPhone TEXT # # 25 # NULLABLE NON_REQUIRED #</Process><Process ToolSource="c:\program files (x86)\arcgis\desktop10.4\ArcToolbox\Toolboxes\Data Management Tools.tbx\AddField" Date="20170328" Time="111420">AddField L:\NPS\TEMP\Event_Features_20170327.gdb\EventPolygon PolygonDateTime DATE # # # # NULLABLE NON_REQUIRED #</Process><Process ToolSource="c:\program files (x86)\arcgis\desktop10.4\ArcToolbox\Toolboxes\Data Management Tools.tbx\AddField" Date="20170328" Time="111420">AddField L:\NPS\TEMP\Event_Features_20170327.gdb\EventPolygon ComplexName TEXT # # 50 # NULLABLE NON_REQUIRED #</Process><Process ToolSource="c:\program files (x86)\arcgis\desktop10.4\ArcToolbox\Toolboxes\Data Management Tools.tbx\AddField" Date="20170328" Time="111421">AddField L:\NPS\TEMP\Event_Features_20170327.gdb\EventPolygon ComplexID TEXT # # 50 # NULLABLE NON_REQUIRED #</Process><Process ToolSource="c:\program files (x86)\arcgis\desktop10.4\ArcToolbox\Toolboxes\Data Management Tools.tbx\AddField" Date="20170328" Time="111422">AddField L:\NPS\TEMP\Event_Features_20170327.gdb\EventPolygon GACC TEXT # # 5 # NULLABLE NON_REQUIRED DOM_GACC</Process><Process ToolSource="c:\program files (x86)\arcgis\desktop10.4\ArcToolbox\Toolboxes\Data Management Tools.tbx\AddField" Date="20170328" Time="111422">AddField L:\NPS\TEMP\Event_Features_20170327.gdb\EventPolygon IMTName TEXT # # 25 # NULLABLE NON_REQUIRED #</Process><Process ToolSource="c:\program files (x86)\arcgis\desktop10.4\ArcToolbox\Toolboxes\Data Management Tools.tbx\AddField" Date="20170328" Time="111423">AddField L:\NPS\TEMP\Event_Features_20170327.gdb\EventPolygon UnitID TEXT # # 12 # NULLABLE NON_REQUIRED #</Process><Process ToolSource="c:\program files (x86)\arcgis\desktop10.4\ArcToolbox\Toolboxes\Data Management Tools.tbx\AddField" Date="20170328" Time="111423">AddField L:\NPS\TEMP\Event_Features_20170327.gdb\EventPolygon LocalIncidentID TEXT # # 10 # NULLABLE NON_REQUIRED #</Process><Process ToolSource="c:\program files (x86)\arcgis\desktop10.4\ArcToolbox\Toolboxes\Data Management Tools.tbx\AddField" Date="20170328" Time="111424">AddField L:\NPS\TEMP\Event_Features_20170327.gdb\EventPolygon IRWINID TEXT # # 50 # NULLABLE NON_REQUIRED #</Process><Process ToolSource="c:\program files (x86)\arcgis\desktop10.4\ArcToolbox\Toolboxes\Data Management Tools.tbx\AddField" Date="20170328" Time="111425">AddField L:\NPS\TEMP\Event_Features_20170327.gdb\EventPolygon GeometryID TEXT # # 50 # NULLABLE NON_REQUIRED #</Process><Process ToolSource="c:\program files (x86)\arcgis\desktop10.4\ArcToolbox\Toolboxes\Data Management Tools.tbx\DeleteField" Date="20170328" Time="111735">DeleteField L:\NPS\TEMP\Event_Features_20170327.gdb\EventPolygon IncidentName;FeatureCategory;CollectorName;Label;MapMethod;Comments;Angle;LatWGS84_DDM;LongWGS84_DDM;RepairStatus;RepairComments;PropertyInfo;DeleteThis;FeatureAccess;FeatureStatus;IsVisible;PointName;CreateName;CreateDate;EditName;DateCurrent;ContactName;ContactEmail;ContactPhone;PointDateTime;ComplexName;ComplexID;GACC;IMTName;UnitID;LocalIncidentID;IRWINID;GeometryID;IncidentName;FeatureCategory;CollectorName;MapMethod;Comments;RepairStatus;RepairComments;DeleteThis;FeatureAccess;FeatureStatus;IsVisible;Label;LineDateTime;CreateName;CreateDate;EditName;DateCurrent;ContactName;ContactEmail;ContactPhone;ComplexName;ComplexID;GACC;IMTName;LocalIncidentID;UnitID;GeometryID;IncidentName;FeatureCategory;CollectorName;MapMethod;Comments;GISAcres;DeleteThis;Label;FeatureAccess;FeatureStatus;IsVisible;CreateName;CreateDate;EditName;DateCurrent;ContactName;ContactEmail;ContactPhone;PolygonDateTime;ComplexName;ComplexID;GACC;IMTName;UnitID;LocalIncidentID;IRWINID;GeometryID</Process><Process ToolSource="c:\program files (x86)\arcgis\desktop10.4\ArcToolbox\Toolboxes\Data Management Tools.tbx\AddField" Date="20170328" Time="111857">AddField L:\NPS\TEMP\Event_Features_20170327.gdb\EventPolygon IncidentName TEXT # # 50 "Incident Name" NULLABLE NON_REQUIRED #</Process><Process ToolSource="c:\program files (x86)\arcgis\desktop10.4\ArcToolbox\Toolboxes\Data Management Tools.tbx\AddField" Date="20170328" Time="111857">AddField L:\NPS\TEMP\Event_Features_20170327.gdb\EventPolygon FeatureCategory TEXT # # 50 "Feature Category (Polygon Type)" NULLABLE NON_REQUIRED DOM_PolyFeatureCategory</Process><Process ToolSource="c:\program files (x86)\arcgis\desktop10.4\ArcToolbox\Toolboxes\Data Management Tools.tbx\AddField" Date="20170328" Time="111857">AddField L:\NPS\TEMP\Event_Features_20170327.gdb\EventPolygon CollectorName TEXT # # 50 "Collector Name" NULLABLE NON_REQUIRED #</Process><Process ToolSource="c:\program files (x86)\arcgis\desktop10.4\ArcToolbox\Toolboxes\Data Management Tools.tbx\AddField" Date="20170328" Time="111858">AddField L:\NPS\TEMP\Event_Features_20170327.gdb\EventPolygon MapMethod TEXT # # 25 "Map Method" NULLABLE NON_REQUIRED #</Process><Process ToolSource="c:\program files (x86)\arcgis\desktop10.4\ArcToolbox\Toolboxes\Data Management Tools.tbx\AddField" Date="20170328" Time="111858">AddField L:\NPS\TEMP\Event_Features_20170327.gdb\EventPolygon Comments TEXT # # 255 # NULLABLE NON_REQUIRED #</Process><Process ToolSource="c:\program files (x86)\arcgis\desktop10.4\ArcToolbox\Toolboxes\Data Management Tools.tbx\AddField" Date="20170328" Time="111859">AddField L:\NPS\TEMP\Event_Features_20170327.gdb\EventPolygon GISAcres DOUBLE # # # Acres NULLABLE NON_REQUIRED #</Process><Process ToolSource="c:\program files (x86)\arcgis\desktop10.4\ArcToolbox\Toolboxes\Data Management Tools.tbx\AddField" Date="20170328" Time="111859">AddField L:\NPS\TEMP\Event_Features_20170327.gdb\EventPolygon DeleteThis TEXT # # 3 "Delete this feature?" NULLABLE NON_REQUIRED DOM_YesNo</Process><Process ToolSource="c:\program files (x86)\arcgis\desktop10.4\ArcToolbox\Toolboxes\Data Management Tools.tbx\AddField" Date="20170328" Time="111900">AddField L:\NPS\TEMP\Event_Features_20170327.gdb\EventPolygon Label TEXT # # 100 # NULLABLE NON_REQUIRED #</Process><Process ToolSource="c:\program files (x86)\arcgis\desktop10.4\ArcToolbox\Toolboxes\Data Management Tools.tbx\AddField" Date="20170328" Time="111900">AddField L:\NPS\TEMP\Event_Features_20170327.gdb\EventPolygon FeatureAccess TEXT # # 50 "Feature Access" NULLABLE NON_REQUIRED DOM_FeatureAccess</Process><Process ToolSource="c:\program files (x86)\arcgis\desktop10.4\ArcToolbox\Toolboxes\Data Management Tools.tbx\AddField" Date="20170328" Time="111900">AddField L:\NPS\TEMP\Event_Features_20170327.gdb\EventPolygon FeatureStatus TEXT # # 20 "Feature Status" NULLABLE NON_REQUIRED DOM_FeatureStatus</Process><Process ToolSource="c:\program files (x86)\arcgis\desktop10.4\ArcToolbox\Toolboxes\Data Management Tools.tbx\AddField" Date="20170328" Time="111901">AddField L:\NPS\TEMP\Event_Features_20170327.gdb\EventPolygon IsVisible TEXT # # 5 # NULLABLE NON_REQUIRED DOM_YesNo</Process><Process ToolSource="c:\program files (x86)\arcgis\desktop10.4\ArcToolbox\Toolboxes\Data Management Tools.tbx\AddField" Date="20170328" Time="111901">AddField L:\NPS\TEMP\Event_Features_20170327.gdb\EventPolygon CreateName TEXT # # 50 # NULLABLE NON_REQUIRED #</Process><Process ToolSource="c:\program files (x86)\arcgis\desktop10.4\ArcToolbox\Toolboxes\Data Management Tools.tbx\AddField" Date="20170328" Time="111902">AddField L:\NPS\TEMP\Event_Features_20170327.gdb\EventPolygon CreateDate DATE # # # # NULLABLE NON_REQUIRED #</Process><Process ToolSource="c:\program files (x86)\arcgis\desktop10.4\ArcToolbox\Toolboxes\Data Management Tools.tbx\AddField" Date="20170328" Time="111902">AddField L:\NPS\TEMP\Event_Features_20170327.gdb\EventPolygon EditName TEXT # # 50 # NULLABLE NON_REQUIRED #</Process><Process ToolSource="c:\program files (x86)\arcgis\desktop10.4\ArcToolbox\Toolboxes\Data Management Tools.tbx\AddField" Date="20170328" Time="111903">AddField L:\NPS\TEMP\Event_Features_20170327.gdb\EventPolygon DateCurrent DATE # # # # NULLABLE NON_REQUIRED #</Process><Process ToolSource="c:\program files (x86)\arcgis\desktop10.4\ArcToolbox\Toolboxes\Data Management Tools.tbx\AddField" Date="20170328" Time="111903">AddField L:\NPS\TEMP\Event_Features_20170327.gdb\EventPolygon ContactName TEXT # # 50 # NULLABLE NON_REQUIRED #</Process><Process ToolSource="c:\program files (x86)\arcgis\desktop10.4\ArcToolbox\Toolboxes\Data Management Tools.tbx\AddField" Date="20170328" Time="111903">AddField L:\NPS\TEMP\Event_Features_20170327.gdb\EventPolygon ContactEmail TEXT # # 50 # NULLABLE NON_REQUIRED #</Process><Process ToolSource="c:\program files (x86)\arcgis\desktop10.4\ArcToolbox\Toolboxes\Data Management Tools.tbx\AddField" Date="20170328" Time="111904">AddField L:\NPS\TEMP\Event_Features_20170327.gdb\EventPolygon ContactPhone TEXT # # 25 # NULLABLE NON_REQUIRED #</Process><Process ToolSource="c:\program files (x86)\arcgis\desktop10.4\ArcToolbox\Toolboxes\Data Management Tools.tbx\AddField" Date="20170328" Time="111904">AddField L:\NPS\TEMP\Event_Features_20170327.gdb\EventPolygon PolygonDateTime DATE # # # # NULLABLE NON_REQUIRED #</Process><Process ToolSource="c:\program files (x86)\arcgis\desktop10.4\ArcToolbox\Toolboxes\Data Management Tools.tbx\AddField" Date="20170328" Time="111905">AddField L:\NPS\TEMP\Event_Features_20170327.gdb\EventPolygon ComplexName TEXT # # 50 # NULLABLE NON_REQUIRED #</Process><Process ToolSource="c:\program files (x86)\arcgis\desktop10.4\ArcToolbox\Toolboxes\Data Management Tools.tbx\AddField" Date="20170328" Time="111905">AddField L:\NPS\TEMP\Event_Features_20170327.gdb\EventPolygon ComplexID TEXT # # 50 # NULLABLE NON_REQUIRED #</Process><Process ToolSource="c:\program files (x86)\arcgis\desktop10.4\ArcToolbox\Toolboxes\Data Management Tools.tbx\AddField" Date="20170328" Time="111905">AddField L:\NPS\TEMP\Event_Features_20170327.gdb\EventPolygon GACC TEXT # # 5 # NULLABLE NON_REQUIRED DOM_GACC</Process><Process ToolSource="c:\program files (x86)\arcgis\desktop10.4\ArcToolbox\Toolboxes\Data Management Tools.tbx\AddField" Date="20170328" Time="111906">AddField L:\NPS\TEMP\Event_Features_20170327.gdb\EventPolygon IMTName TEXT # # 25 # NULLABLE NON_REQUIRED #</Process><Process ToolSource="c:\program files (x86)\arcgis\desktop10.4\ArcToolbox\Toolboxes\Data Management Tools.tbx\AddField" Date="20170328" Time="111906">AddField L:\NPS\TEMP\Event_Features_20170327.gdb\EventPolygon UnitID TEXT # # 12 # NULLABLE NON_REQUIRED #</Process><Process ToolSource="c:\program files (x86)\arcgis\desktop10.4\ArcToolbox\Toolboxes\Data Management Tools.tbx\AddField" Date="20170328" Time="111907">AddField L:\NPS\TEMP\Event_Features_20170327.gdb\EventPolygon LocalIncidentID TEXT # # 10 # NULLABLE NON_REQUIRED #</Process><Process ToolSource="c:\program files (x86)\arcgis\desktop10.4\ArcToolbox\Toolboxes\Data Management Tools.tbx\AddField" Date="20170328" Time="111907">AddField L:\NPS\TEMP\Event_Features_20170327.gdb\EventPolygon IRWINID TEXT # # 50 # NULLABLE NON_REQUIRED #</Process><Process ToolSource="c:\program files (x86)\arcgis\desktop10.4\ArcToolbox\Toolboxes\Data Management Tools.tbx\AddField" Date="20170328" Time="111908">AddField L:\NPS\TEMP\Event_Features_20170327.gdb\EventPolygon GeometryID TEXT # # 50 # NULLABLE NON_REQUIRED #</Process><Process ToolSource="c:\program files (x86)\arcgis\desktop10.4\ArcToolbox\Toolboxes\Data Management Tools.tbx\AssignDefaultToField" Date="20170328" Time="112013">AssignDefaultToField L:\NPS\TEMP\Event_Features_20170327.gdb\EventPolygon FeatureCategory Unknown # false</Process><Process ToolSource="c:\program files (x86)\arcgis\desktop10.4\ArcToolbox\Toolboxes\Data Management Tools.tbx\AssignDefaultToField" Date="20170328" Time="112013">AssignDefaultToField L:\NPS\TEMP\Event_Features_20170327.gdb\EventPolygon DeleteThis No # false</Process><Process ToolSource="c:\program files (x86)\arcgis\desktop10.4\ArcToolbox\Toolboxes\Data Management Tools.tbx\AssignDefaultToField" Date="20170328" Time="112014">AssignDefaultToField L:\NPS\TEMP\Event_Features_20170327.gdb\EventPolygon FeatureAccess Cooperators # false</Process><Process ToolSource="c:\program files (x86)\arcgis\desktop10.4\ArcToolbox\Toolboxes\Data Management Tools.tbx\AssignDefaultToField" Date="20170328" Time="112015">AssignDefaultToField L:\NPS\TEMP\Event_Features_20170327.gdb\EventPolygon IsVisible Yes # false</Process><Process ToolSource="c:\arcgis\desktop10.5\ArcToolbox\Toolboxes\Data Management Tools.tbx\Project" Date="20180808" Time="083805">Project ca_ferguson_20180808_0318_exprtGDB_sing_wgs84 C:\a1_load\ca_ferguson_20180808_0318_exprtGDB_singl_albers_notactv.shp PROJCS['USA_Contiguous_Albers_Equal_Area_Conic_USGS_version',GEOGCS['GCS_North_American_1983',DATUM['D_North_American_1983',SPHEROID['GRS_1980',6378137.0,298.257222101]],PRIMEM['Greenwich',0.0],UNIT['Degree',0.0174532925199433]],PROJECTION['Albers'],PARAMETER['False_Easting',0.0],PARAMETER['False_Northing',0.0],PARAMETER['Central_Meridian',-96.0],PARAMETER['Standard_Parallel_1',29.5],PARAMETER['Standard_Parallel_2',45.5],PARAMETER['Latitude_Of_Origin',23.0],UNIT['Meter',1.0]] WGS_1984_(ITRF00)_To_NAD_1983 GEOGCS['GCS_WGS_1984',DATUM['D_WGS_1984',SPHEROID['WGS_1984',6378137.0,298.257223563]],PRIMEM['Greenwich',0.0],UNIT['Degree',0.0174532925199433]] NO_PRESERVE_SHAPE # NO_VERTICAL</Process></lineage><itemProps><itemLocation><linkage Sync="TRUE">file://\\gs.doi.net\DenverCO-g_gecsc\gecsc\ProjectWorkspace\GeoMAC\current_year\perimeter_current_year\incoming\jim\08_08_wed_12_perims_CA_HI\ca_ferguson_20180808_0318_dd83</linkage><protocol Sync="TRUE">Local Area Network</protocol></itemLocation></itemProps><copyHistory><copy source="C:\a1_load\reproject\ca_ferguson_20180808_0318_dd83" dest="\\gs.doi.net\DenverCO-g_gecsc\gecsc\ProjectWorkspace\GeoMAC\current_year\perimeter_current_year\incoming\jim\08_08_wed_12_perims_CA_HI\ca_ferguson_20180808_0318_dd83" date="20180808" time="09340700"></copy></copyHistory></DataProperties></Esri></metadata>
